Date,Season,HomeTeam,AwayTeam,Result,Target,Home_GF_form5,Home_GA_form5,Home_Points_form5,Home_SOT_form5,Away_GF_form5,Away_GA_form5,Away_Points_form5,Away_SOT_form5,Points_form_diff,GF_form_diff,GA_form_diff,SOT_form_diff
2021-09-11,2021-22,Crystal Palace,Tottenham,Home Win,0,0.6666666666666666,1.6666666666666667,0.6666666666666666,1.6666666666666667,1.0,0.0,3.0,5.666666666666667,-2.3333333333333335,-0.33333333333333337,1.6666666666666667,-4.0
2021-09-11,2021-22,Arsenal,Norwich,Home Win,0,0.0,3.0,0.0,2.3333333333333335,0.3333333333333333,3.3333333333333335,0.0,2.3333333333333335,0.0,-0.3333333333333333,-0.3333333333333335,0.0
2021-09-11,2021-22,Brentford,Brighton,Away Win,2,1.0,0.3333333333333333,1.6666666666666667,2.6666666666666665,1.3333333333333333,1.0,2.0,4.666666666666667,-0.33333333333333326,-0.33333333333333326,-0.6666666666666667,-2.0000000000000004
2021-09-11,2021-22,Leicester,Man City,Away Win,2,1.3333333333333333,1.6666666666666667,2.0,3.0,3.3333333333333335,0.3333333333333333,2.0,6.0,0.0,-2.0,1.3333333333333335,-3.0
2021-09-11,2021-22,Man United,Newcastle,Home Win,0,2.3333333333333335,0.6666666666666666,2.3333333333333335,5.0,1.3333333333333333,2.6666666666666665,0.3333333333333333,3.0,2.0,1.0000000000000002,-2.0,2.0
2021-09-11,2021-22,Southampton,West Ham,Draw,1,1.3333333333333333,2.0,0.6666666666666666,4.0,3.3333333333333335,1.6666666666666667,2.3333333333333335,6.666666666666667,-1.666666666666667,-2.0,0.33333333333333326,-2.666666666666667
2021-09-11,2021-22,Watford,Wolves,Away Win,2,1.0,1.6666666666666667,1.0,3.3333333333333335,0.0,1.0,0.0,5.0,1.0,1.0,0.6666666666666667,-1.6666666666666665
2021-09-11,2021-22,Chelsea,Aston Villa,Home Win,0,2.0,0.3333333333333333,2.3333333333333335,4.666666666666667,1.6666666666666667,1.3333333333333333,1.3333333333333333,3.0,1.0000000000000002,0.33333333333333326,-1.0,1.666666666666667
2021-09-12,2021-22,Leeds,Liverpool,Away Win,2,1.3333333333333333,2.6666666666666665,0.6666666666666666,3.0,2.0,0.3333333333333333,2.3333333333333335,8.0,-1.666666666666667,-0.6666666666666667,2.333333333333333,-5.0
2021-09-13,2021-22,Everton,Burnley,Home Win,0,2.3333333333333335,1.0,2.3333333333333335,6.333333333333333,0.6666666666666666,1.6666666666666667,0.3333333333333333,3.0,2.0,1.666666666666667,-0.6666666666666667,3.333333333333333
2021-09-17,2021-22,Newcastle,Leeds,Draw,1,1.25,3.0,0.25,3.0,1.0,2.75,0.5,3.25,-0.25,0.25,0.25,-0.25
2021-09-18,2021-22,Norwich,Watford,Away Win,2,0.25,2.75,0.0,2.0,0.75,1.75,0.75,3.0,-0.75,-0.5,1.0,-1.0
2021-09-18,2021-22,Man City,Southampton,Draw,1,2.75,0.25,2.25,6.5,1.0,1.5,0.75,3.75,1.5,1.75,-1.25,2.75
2021-09-18,2021-22,Wolves,Brentford,Away Win,2,0.5,0.75,0.75,5.0,0.75,0.5,1.25,2.25,-0.5,-0.25,0.25,2.75
2021-09-18,2021-22,Aston Villa,Everton,Home Win,0,1.25,1.75,1.0,3.75,2.5,1.0,2.5,6.25,-1.5,-1.25,0.75,-2.5
2021-09-18,2021-22,Liverpool,Crystal Palace,Home Win,0,2.25,0.25,2.5,8.25,1.25,1.25,1.25,2.25,1.25,1.0,-1.0,6.0
2021-09-18,2021-22,Burnley,Arsenal,Away Win,2,0.75,2.0,0.25,3.75,0.25,2.25,0.75,3.5,-0.5,0.5,-0.25,0.25
2021-09-19,2021-22,Brighton,Leicester,Home Win,0,1.25,0.75,2.25,4.0,1.0,1.5,1.5,2.5,0.75,0.25,-0.75,1.5
2021-09-19,2021-22,West Ham,Man United,Away Win,2,2.5,1.25,2.0,5.75,2.75,0.75,2.5,5.5,-0.5,-0.25,0.5,0.25
2021-09-19,2021-22,Tottenham,Chelsea,Away Win,2,0.75,0.75,2.25,4.5,2.25,0.25,2.5,4.5,-0.25,-1.5,0.5,0.0
2021-09-25,2021-22,Leicester,Burnley,Draw,1,1.0,1.6,1.2,2.6,0.6,1.8,0.2,3.6,1.0,0.4,-0.19999999999999996,-1.0
2021-09-25,2021-22,Watford,Newcastle,Draw,1,1.2,1.6,1.2,4.0,1.2,2.6,0.4,3.8,0.7999999999999999,0.0,-1.0,0.20000000000000018
2021-09-25,2021-22,Chelsea,Man City,Away Win,2,2.4,0.2,2.6,5.6,2.2,0.2,2.0,5.4,0.6000000000000001,0.19999999999999973,0.0,0.1999999999999993
2021-09-25,2021-22,Man United,Aston Villa,Away Win,2,2.6,0.8,2.6,6.4,1.6,1.4,1.4,3.6,1.2000000000000002,1.0,-0.5999999999999999,2.8000000000000003
2021-09-25,2021-22,Everton,Norwich,Home Win,0,2.0,1.4,2.0,5.2,0.4,2.8,0.0,2.6,2.0,1.6,-1.4,2.6
2021-09-25,2021-22,Leeds,West Ham,Away Win,2,1.0,2.4,0.6,4.4,2.2,1.4,1.6,5.4,-1.0,-1.2000000000000002,1.0,-1.0
2021-09-25,2021-22,Brentford,Liverpool,Draw,1,1.0,0.4,1.6,2.4,2.4,0.2,2.6,8.6,-1.0,-1.4,0.2,-6.199999999999999
2021-09-26,2021-22,Southampton,Wolves,Away Win,2,0.8,1.2,0.8,3.4,0.4,1.0,0.6,4.0,0.20000000000000007,0.4,0.19999999999999996,-0.6000000000000001
2021-09-26,2021-22,Arsenal,Tottenham,Home Win,0,0.4,1.8,1.2,3.4,0.6,1.2,1.8,4.0,-0.6000000000000001,-0.19999999999999996,0.6000000000000001,-0.6000000000000001
2021-09-27,2021-22,Crystal Palace,Brighton,Draw,1,1.0,1.6,1.0,2.2,1.4,0.8,2.4,4.2,-1.4,-0.3999999999999999,0.8,-2.0
2021-10-02,2021-22,Man United,Everton,Draw,1,1.6,0.8,2.0,5.6,1.8,1.2,2.0,4.8,0.0,-0.19999999999999996,-0.3999999999999999,0.7999999999999998
2021-10-02,2021-22,Burnley,Norwich,Draw,1,0.8,1.8,0.4,3.6,0.4,2.6,0.0,2.4,0.4,0.4,-0.8,1.2000000000000002
2021-10-02,2021-22,Chelsea,Southampton,Home Win,0,1.8,0.4,2.0,4.4,0.6,0.8,0.8,4.0,1.2,1.2000000000000002,-0.4,0.40000000000000036
2021-10-02,2021-22,Leeds,Watford,Home Win,0,1.0,1.8,0.6,4.8,0.8,1.4,0.8,3.4,-0.20000000000000007,0.19999999999999996,0.40000000000000013,1.4
2021-10-02,2021-22,Wolves,Newcastle,Home Win,0,0.6,0.8,1.2,4.0,1.0,2.0,0.6,4.4,0.6,-0.4,-1.2,-0.40000000000000036
2021-10-02,2021-22,Brighton,Arsenal,Draw,1,1.2,0.8,2.0,3.4,1.0,1.6,1.8,4.0,0.19999999999999996,0.19999999999999996,-0.8,-0.6000000000000001
2021-10-03,2021-22,Crystal Palace,Leicester,Draw,1,1.2,1.2,1.2,2.6,1.2,2.0,0.8,2.6,0.3999999999999999,0.0,-0.8,0.0
2021-10-03,2021-22,Tottenham,Aston Villa,Home Win,0,0.6,1.8,1.2,4.2,1.4,0.8,2.0,3.8,-0.8,-0.7999999999999999,1.0,0.40000000000000036
2021-10-03,2021-22,West Ham,Brentford,Away Win,2,1.8,1.2,1.6,5.0,1.2,1.0,1.2,2.6,0.40000000000000013,0.6000000000000001,0.19999999999999996,2.4
2021-10-03,2021-22,Liverpool,Man City,Draw,1,2.4,0.8,2.2,8.2,2.4,0.0,2.6,5.4,-0.3999999999999999,0.0,0.8,2.799999999999999
2021-10-16,2021-22,Watford,Liverpool,Away Win,2,0.8,1.2,0.8,3.4,2.4,1.2,1.8,7.2,-1.0,-1.5999999999999999,0.0,-3.8000000000000003
2021-10-16,2021-22,Aston Villa,Wolves,Away Win,2,1.2,1.2,1.4,4.0,1.0,0.8,1.8,3.4,-0.40000000000000013,0.19999999999999996,0.3999999999999999,0.6000000000000001
2021-10-16,2021-22,Leicester,Man United,Home Win,0,1.4,1.6,1.0,3.4,1.6,0.8,2.0,6.0,-1.0,-0.20000000000000018,0.8,-2.6
2021-10-16,2021-22,Man City,Burnley,Home Win,0,1.8,0.4,2.2,5.2,0.8,1.4,0.6,3.8,1.6,1.0,-0.9999999999999999,1.4000000000000004
2021-10-16,2021-22,Norwich,Brighton,Draw,1,0.4,1.6,0.2,2.8,0.8,0.8,1.6,3.2,-1.4000000000000001,-0.4,0.8,-0.40000000000000036
2021-10-16,2021-22,Southampton,Leeds,Home Win,0,0.6,1.2,0.6,3.8,0.8,1.4,1.0,4.8,-0.4,-0.20000000000000007,-0.19999999999999996,-1.0
2021-10-16,2021-22,Brentford,Chelsea,Away Win,2,1.6,1.2,1.6,3.2,2.0,0.6,2.0,5.2,-0.3999999999999999,-0.3999999999999999,0.6,-2.0
2021-10-17,2021-22,Everton,West Ham,Away Win,2,1.6,1.0,2.0,3.6,1.2,1.4,1.0,4.6,1.0,0.40000000000000013,-0.3999999999999999,-0.9999999999999996
2021-10-17,2021-22,Newcastle,Tottenham,Away Win,2,1.2,2.0,0.6,4.6,0.8,2.0,1.2,4.6,-0.6,0.3999999999999999,0.0,0.0
2021-10-18,2021-22,Arsenal,Crystal Palace,Draw,1,1.0,1.2,2.0,3.8,1.6,1.6,1.2,3.0,0.8,-0.6000000000000001,-0.40000000000000013,0.7999999999999998
2021-10-22,2021-22,Arsenal,Aston Villa,Home Win,0,1.4,0.6,2.2,5.0,1.4,1.6,1.2,4.0,1.0000000000000002,0.0,-1.0,1.0
2021-10-23,2021-22,Chelsea,Norwich,Home Win,0,2.0,0.4,2.4,4.8,0.2,1.2,0.4,2.6,2.0,1.8,-0.7999999999999999,2.1999999999999997
2021-10-23,2021-22,Crystal Palace,Newcastle,Draw,1,1.6,1.6,1.2,3.8,1.2,2.2,0.4,3.8,0.7999999999999999,0.40000000000000013,-0.6000000000000001,0.0
2021-10-23,2021-22,Everton,Watford,Away Win,2,1.2,1.2,1.4,3.0,0.8,2.0,0.8,3.4,0.5999999999999999,0.3999999999999999,-0.8,-0.3999999999999999
2021-10-23,2021-22,Leeds,Wolves,Draw,1,0.6,1.4,0.8,4.4,1.6,1.0,2.4,3.0,-1.5999999999999999,-1.0,0.3999999999999999,1.4000000000000004
2021-10-23,2021-22,Southampton,Burnley,Draw,1,0.4,0.8,1.0,3.6,0.6,1.6,0.4,3.6,0.6,-0.19999999999999996,-0.8,0.0
2021-10-23,2021-22,Brighton,Man City,Away Win,2,0.8,0.4,1.8,3.2,1.2,0.4,2.2,4.4,-0.40000000000000013,-0.3999999999999999,0.0,-1.2000000000000002
2021-10-24,2021-22,Man United,Liverpool,Away Win,2,1.8,1.6,1.4,6.6,3.2,1.0,2.2,7.4,-0.8000000000000003,-1.4000000000000001,0.6000000000000001,-0.8000000000000007
2021-10-24,2021-22,Brentford,Leicester,Away Win,2,1.4,1.2,1.4,4.2,1.8,1.8,1.0,5.0,0.3999999999999999,-0.40000000000000013,-0.6000000000000001,-0.7999999999999998
2021-10-24,2021-22,West Ham,Tottenham,Home Win,0,1.0,1.0,1.4,4.6,1.2,2.4,1.2,3.8,0.19999999999999996,-0.19999999999999996,-1.4,0.7999999999999998
2021-10-30,2021-22,Leicester,Arsenal,Away Win,2,2.2,1.8,1.6,6.0,1.8,0.8,2.2,5.4,-0.6000000000000001,0.40000000000000013,1.0,0.5999999999999996
2021-10-30,2021-22,Burnley,Brentford,Home Win,0,0.8,1.4,0.6,3.4,1.6,1.4,1.4,5.0,-0.7999999999999999,-0.8,0.0,-1.6
2021-10-30,2021-22,Liverpool,Brighton,Draw,1,3.6,1.0,2.2,7.2,0.8,1.2,1.2,3.8,1.0000000000000002,2.8,-0.19999999999999996,3.4000000000000004
2021-10-30,2021-22,Man City,Crystal Palace,Away Win,2,1.8,0.6,2.2,5.6,1.2,1.8,0.8,3.6,1.4000000000000001,0.6000000000000001,-1.2000000000000002,1.9999999999999996
2021-10-30,2021-22,Newcastle,Chelsea,Away Win,2,1.2,1.6,0.6,3.6,2.8,0.4,2.4,6.6,-1.7999999999999998,-1.5999999999999999,1.2000000000000002,-2.9999999999999996
2021-10-30,2021-22,Watford,Southampton,Away Win,2,1.8,2.0,1.4,4.6,0.8,1.2,1.0,3.8,0.3999999999999999,1.0,0.8,0.7999999999999998
2021-10-30,2021-22,Tottenham,Man United,Away Win,2,1.2,2.0,1.2,4.4,1.0,2.4,0.8,6.0,0.3999999999999999,0.19999999999999996,-0.3999999999999999,-1.5999999999999996
2021-10-31,2021-22,Norwich,Leeds,Away Win,2,0.2,2.4,0.4,2.6,0.8,1.0,1.0,4.4,-0.6,-0.6000000000000001,1.4,-1.8000000000000003
2021-10-31,2021-22,Aston Villa,West Ham,Away Win,2,1.6,1.6,1.2,3.6,1.2,1.0,1.8,4.8,-0.6000000000000001,0.40000000000000013,0.6000000000000001,-1.1999999999999997
2021-11-01,2021-22,Wolves,Everton,Home Win,0,1.4,1.2,2.0,2.8,1.0,2.0,0.8,2.6,1.2,0.3999999999999999,-0.8,0.19999999999999973
2021-11-05,2021-22,Southampton,Aston Villa,Home Win,0,1.0,1.2,1.4,3.6,1.2,2.4,0.6,3.6,0.7999999999999999,-0.19999999999999996,-1.2,0.0
2021-11-06,2021-22,Brentford,Norwich,Away Win,2,1.4,2.0,0.8,5.4,0.2,2.2,0.4,2.2,0.4,1.2,-0.20000000000000018,3.2
2021-11-06,2021-22,Man United,Man City,Away Win,2,1.2,2.2,0.8,4.8,1.8,1.0,2.0,6.0,-1.2,-0.6000000000000001,1.2000000000000002,-1.2000000000000002
2021-11-06,2021-22,Chelsea,Burnley,Draw,1,2.8,0.4,2.4,5.8,1.4,1.4,1.2,4.0,1.2,1.4,-0.9999999999999999,1.7999999999999998
2021-11-06,2021-22,Brighton,Newcastle,Draw,1,0.8,1.4,0.8,4.0,1.0,2.0,0.4,2.4,0.4,-0.19999999999999996,-0.6000000000000001,1.6
2021-11-06,2021-22,Crystal Palace,Wolves,Home Win,0,1.6,1.2,1.4,3.8,1.8,1.0,2.6,3.6,-1.2000000000000002,-0.19999999999999996,0.19999999999999996,0.19999999999999973
2021-11-07,2021-22,Arsenal,Watford,Home Win,0,2.0,0.8,2.2,5.8,1.2,2.0,0.8,3.8,1.4000000000000001,0.8,-1.2,2.0
2021-11-07,2021-22,Everton,Tottenham,Draw,1,1.2,1.8,0.8,3.4,1.2,2.0,1.2,4.0,-0.3999999999999999,0.0,-0.19999999999999996,-0.6000000000000001
2021-11-07,2021-22,Leeds,Leicester,Draw,1,1.0,1.0,1.4,3.8,2.0,1.8,1.6,7.0,-0.20000000000000018,-1.0,-0.8,-3.2
2021-11-07,2021-22,West Ham,Liverpool,Home Win,0,1.8,0.8,2.4,5.8,3.4,1.4,1.8,5.8,0.5999999999999999,-1.5999999999999999,-0.5999999999999999,0.0
2021-11-20,2021-22,Aston Villa,Brighton,Home Win,0,1.0,2.6,0.0,3.6,0.8,1.4,0.8,4.2,-0.8,0.19999999999999996,1.2000000000000002,-0.6000000000000001
2021-11-20,2021-22,Leicester,Chelsea,Away Win,2,1.8,1.6,1.6,6.6,3.0,0.4,2.6,6.6,-1.0,-1.2,1.2000000000000002,0.0
2021-11-20,2021-22,Burnley,Crystal Palace,Draw,1,1.2,1.2,1.2,3.8,1.8,1.0,1.8,4.4,-0.6000000000000001,-0.6000000000000001,0.19999999999999996,-0.6000000000000005
2021-11-20,2021-22,Newcastle,Brentford,Draw,1,1.0,2.0,0.4,1.4,1.0,1.8,0.6,6.0,-0.19999999999999996,0.0,0.19999999999999996,-4.6
2021-11-20,2021-22,Norwich,Southampton,Home Win,0,0.6,2.0,1.0,2.8,1.2,1.0,2.0,3.0,-1.0,-0.6,1.0,-0.20000000000000018
2021-11-20,2021-22,Wolves,West Ham,Home Win,0,1.6,1.4,2.0,3.4,2.0,1.0,2.4,5.0,-0.3999999999999999,-0.3999999999999999,0.3999999999999999,-1.6
2021-11-20,2021-22,Watford,Man United,Home Win,0,1.0,2.0,0.6,3.2,1.2,2.4,0.8,4.2,-0.20000000000000007,-0.19999999999999996,-0.3999999999999999,-1.0
2021-11-20,2021-22,Liverpool,Arsenal,Home Win,0,3.2,1.4,1.6,5.6,1.6,0.6,2.2,5.6,-0.6000000000000001,1.6,0.7999999999999999,0.0
2021-11-21,2021-22,Man City,Everton,Home Win,0,2.0,1.0,2.0,6.2,0.8,1.8,0.4,3.0,1.6,1.2,-0.8,3.2
2021-11-21,2021-22,Tottenham,Leeds,Home Win,0,1.0,1.4,1.4,3.2,1.0,0.8,1.6,3.8,-0.20000000000000018,0.0,0.5999999999999999,-0.5999999999999996
2021-11-27,2021-22,Arsenal,Newcastle,Home Win,0,1.6,1.4,2.0,5.8,1.4,2.2,0.6,2.8,1.4,0.20000000000000018,-0.8000000000000003,3.0
2021-11-27,2021-22,Crystal Palace,Aston Villa,Away Win,2,2.0,1.2,1.8,5.2,1.2,2.2,0.6,4.0,1.2000000000000002,0.8,-1.0000000000000002,1.2000000000000002
2021-11-27,2021-22,Liverpool,Southampton,Home Win,0,3.6,1.0,2.0,6.6,1.2,0.8,2.0,3.6,0.0,2.4000000000000004,0.19999999999999996,2.9999999999999996
2021-11-27,2021-22,Norwich,Wolves,Draw,1,1.0,2.2,1.4,3.2,1.4,1.2,2.0,3.8,-0.6000000000000001,-0.3999999999999999,1.0000000000000002,-0.5999999999999996
2021-11-27,2021-22,Brighton,Leeds,Draw,1,0.8,1.8,0.6,4.2,1.0,1.2,1.0,4.4,-0.4,-0.19999999999999996,0.6000000000000001,-0.20000000000000018
2021-11-28,2021-22,Brentford,Everton,Home Win,0,1.2,2.2,0.2,5.6,0.6,2.2,0.2,2.8,0.0,0.6,0.0,2.8
2021-11-28,2021-22,Leicester,Watford,Home Win,0,1.4,1.8,1.4,6.2,1.8,2.0,1.2,4.4,0.19999999999999996,-0.40000000000000013,-0.19999999999999996,1.7999999999999998
2021-11-28,2021-22,Man City,West Ham,Home Win,0,2.2,0.6,2.4,7.0,1.8,0.8,2.4,4.6,0.0,0.40000000000000013,-0.20000000000000007,2.4000000000000004
2021-11-28,2021-22,Chelsea,Man United,Draw,1,3.0,0.2,2.6,6.2,1.2,3.0,0.6,3.6,2.0,1.8,-2.8,2.6
2021-11-30,2021-22,Newcastle,Norwich,Draw,1,1.0,2.0,0.6,3.6,1.0,2.2,1.4,3.4,-0.7999999999999999,0.0,-0.20000000000000018,0.20000000000000018
2021-11-30,2021-22,Leeds,Crystal Palace,Home Win,0,1.0,1.0,1.2,5.2,1.8,1.2,1.6,4.6,-0.40000000000000013,-0.8,-0.19999999999999996,0.6000000000000005
2021-12-01,2021-22,Southampton,Leicester,Draw,1,1.0,1.6,1.4,3.2,1.4,1.8,1.4,5.6,0.0,-0.3999999999999999,-0.19999999999999996,-2.3999999999999995
2021-12-01,2021-22,Watford,Chelsea,Away Win,2,2.2,1.8,1.2,5.0,3.0,0.4,2.2,7.2,-1.0000000000000002,-0.7999999999999998,1.4,-2.2
2021-12-01,2021-22,West Ham,Brighton,Draw,1,1.8,1.2,1.8,4.4,0.8,1.8,0.6,4.4,1.2000000000000002,1.0,-0.6000000000000001,0.0
2021-12-01,2021-22,Wolves,Burnley,Draw,1,0.8,0.8,1.6,3.4,1.8,1.8,1.2,4.8,0.40000000000000013,-1.0,-1.0,-1.4
2021-12-01,2021-22,Aston Villa,Man City,Away Win,2,1.2,1.8,1.2,3.6,2.2,0.8,2.4,7.6,-1.2,-1.0000000000000002,1.0,-3.9999999999999996
2021-12-01,2021-22,Everton,Liverpool,Away Win,2,0.6,2.2,0.2,3.4,3.4,1.0,2.0,6.2,-1.8,-2.8,1.2000000000000002,-2.8000000000000003
2021-12-02,2021-22,Tottenham,Brentford,Home Win,0,1.0,1.4,1.4,2.4,1.4,2.0,0.8,5.0,0.5999999999999999,-0.3999999999999999,-0.6000000000000001,-2.6
2021-12-02,2021-22,Man United,Arsenal,Home Win,0,1.0,2.4,0.8,2.8,1.6,1.0,2.4,5.8,-1.5999999999999999,-0.6000000000000001,1.4,-3.0
2021-12-04,2021-22,West Ham,Chelsea,Home Win,0,1.8,1.4,1.4,4.8,2.0,0.6,2.2,5.4,-0.8000000000000003,-0.19999999999999996,0.7999999999999999,-0.6000000000000005
2021-12-04,2021-22,Newcastle,Burnley,Home Win,0,1.0,2.0,0.6,3.4,1.8,1.4,1.4,4.6,-0.7999999999999999,-0.8,0.6000000000000001,-1.1999999999999997
2021-12-04,2021-22,Southampton,Brighton,Draw,1,1.0,1.6,1.4,3.8,0.8,1.2,0.8,4.0,0.5999999999999999,0.19999999999999996,0.40000000000000013,-0.20000000000000018
2021-12-04,2021-22,Wolves,Liverpool,Away Win,2,0.6,0.6,1.6,3.0,3.2,1.2,2.0,6.0,-0.3999999999999999,-2.6,-0.6,-3.0
2021-12-04,2021-22,Watford,Man City,Away Win,2,1.4,1.8,0.6,4.6,1.8,0.8,2.4,6.2,-1.7999999999999998,-0.40000000000000013,1.0,-1.6000000000000005
2021-12-05,2021-22,Leeds,Brentford,Draw,1,1.0,0.8,1.6,5.0,1.2,2.0,0.8,4.4,0.8,-0.19999999999999996,-1.2,0.5999999999999996
2021-12-05,2021-22,Man United,Crystal Palace,Home Win,0,1.6,1.8,1.4,4.0,1.6,1.2,1.4,4.2,0.0,0.0,0.6000000000000001,-0.20000000000000018
2021-12-05,2021-22,Tottenham,Norwich,Home Win,0,0.8,1.0,1.4,2.8,1.2,1.0,1.6,4.4,-0.20000000000000018,-0.3999999999999999,0.0,-1.6000000000000005
2021-12-05,2021-22,Aston Villa,Leicester,Home Win,0,1.2,1.6,1.2,3.4,1.4,2.0,1.0,5.6,0.19999999999999996,-0.19999999999999996,-0.3999999999999999,-2.1999999999999997
2021-12-06,2021-22,Everton,Arsenal,Home Win,0,0.4,2.0,0.2,3.0,1.4,1.4,1.8,5.6,-1.6,-0.9999999999999999,0.6000000000000001,-2.5999999999999996
2021-12-10,2021-22,Brentford,Watford,Home Win,0,1.4,1.8,1.0,4.0,1.6,2.2,0.6,4.6,0.4,-0.20000000000000018,-0.40000000000000013,-0.5999999999999996
2021-12-11,2021-22,Man City,Wolves,Home Win,0,2.4,0.6,3.0,8.2,0.2,0.6,1.0,2.4,2.0,2.1999999999999997,0.0,5.799999999999999
2021-12-11,2021-22,Arsenal,Southampton,Home Win,0,1.2,1.8,1.2,5.2,1.0,1.8,1.0,4.4,0.19999999999999996,0.19999999999999996,0.0,0.7999999999999998
2021-12-11,2021-22,Chelsea,Leeds,Home Win,0,1.8,1.2,1.6,5.6,1.0,1.0,1.2,5.0,0.40000000000000013,0.8,0.19999999999999996,0.5999999999999996
2021-12-11,2021-22,Liverpool,Aston Villa,Home Win,0,3.0,0.8,2.4,6.4,1.4,1.0,1.8,3.6,0.5999999999999999,1.6,-0.19999999999999996,2.8000000000000003
2021-12-11,2021-22,Norwich,Man United,Away Win,2,1.0,1.2,1.6,4.0,1.2,1.8,1.4,3.8,0.20000000000000018,-0.19999999999999996,-0.6000000000000001,0.20000000000000018
2021-12-12,2021-22,Burnley,West Ham,Draw,1,1.4,1.2,1.2,3.8,1.6,1.6,1.4,4.0,-0.19999999999999996,-0.20000000000000018,-0.40000000000000013,-0.20000000000000018
2021-12-12,2021-22,Leicester,Newcastle,Home Win,0,1.6,2.0,1.0,5.0,1.2,1.4,1.2,4.0,-0.19999999999999996,0.40000000000000013,0.6000000000000001,1.0
2021-12-12,2021-22,Crystal Palace,Everton,Home Win,0,1.2,1.4,0.8,4.0,0.6,1.8,0.8,3.0,0.0,0.6,-0.40000000000000013,1.0
2021-12-14,2021-22,Norwich,Aston Villa,Away Win,2,0.6,1.2,1.0,4.0,1.4,1.0,1.8,3.0,-0.8,-0.7999999999999999,0.19999999999999996,1.0
2021-12-14,2021-22,Man City,Leeds,Home Win,0,2.2,0.6,3.0,9.2,1.2,1.4,1.0,5.0,2.0,1.0000000000000002,-0.7999999999999999,4.199999999999999
2021-12-15,2021-22,Arsenal,West Ham,Home Win,0,1.6,1.8,1.2,5.0,1.0,1.2,1.0,4.0,0.19999999999999996,0.6000000000000001,0.6000000000000001,1.0
2021-12-15,2021-22,Brighton,Wolves,Away Win,2,0.6,1.0,0.8,3.6,0.2,0.4,1.0,2.2,-0.19999999999999996,0.39999999999999997,0.6,1.4
2021-12-15,2021-22,Crystal Palace,Southampton,Draw,1,1.4,1.6,0.8,4.0,0.8,2.4,0.4,5.0,0.4,0.5999999999999999,-0.7999999999999998,-1.0
2021-12-16,2021-22,Chelsea,Everton,Draw,1,2.2,1.4,2.0,6.0,0.8,2.4,0.6,3.8,1.4,1.4000000000000001,-1.0,2.2
2021-12-16,2021-22,Liverpool,Newcastle,Home Win,0,2.8,0.2,3.0,6.4,1.0,2.0,1.0,4.4,2.0,1.7999999999999998,-1.8,2.0
2021-12-18,2021-22,Leeds,Arsenal,Away Win,2,1.0,2.4,1.0,4.2,2.0,1.0,1.8,6.0,-0.8,-1.0,1.4,-1.7999999999999998
2021-12-19,2021-22,Newcastle,Man City,Away Win,2,0.6,2.0,0.8,3.0,3.0,0.6,3.0,10.8,-2.2,-2.4,1.4,-7.800000000000001
2021-12-19,2021-22,Wolves,Chelsea,Draw,1,0.2,0.4,1.0,2.2,1.8,1.6,1.6,6.6,-0.6000000000000001,-1.6,-1.2000000000000002,-4.3999999999999995
2021-12-19,2021-22,Tottenham,Liverpool,Draw,1,1.4,0.8,2.0,3.4,2.6,0.4,3.0,6.2,-1.0,-1.2000000000000002,0.4,-2.8000000000000003
2021-12-26,2021-22,Man City,Leicester,Home Win,0,3.4,0.4,3.0,10.4,2.2,1.8,1.4,5.4,1.6,1.1999999999999997,-1.4,5.0
2021-12-26,2021-22,Norwich,Arsenal,Away Win,2,0.2,1.4,0.4,3.8,2.4,1.2,1.8,7.2,-1.4,-2.1999999999999997,0.19999999999999996,-3.4000000000000004
2021-12-26,2021-22,Tottenham,Crystal Palace,Home Win,0,1.8,0.6,2.2,4.4,1.2,1.4,0.8,3.6,1.4000000000000001,0.6000000000000001,-0.7999999999999999,0.8000000000000003
2021-12-26,2021-22,West Ham,Southampton,Away Win,2,1.0,1.4,1.0,3.6,1.0,2.4,0.6,4.8,0.4,0.0,-1.0,-1.1999999999999997
2021-12-26,2021-22,Aston Villa,Chelsea,Away Win,2,1.4,1.0,1.8,3.2,1.6,1.4,1.6,5.6,0.19999999999999996,-0.20000000000000018,-0.3999999999999999,-2.3999999999999995
2021-12-26,2021-22,Brighton,Brentford,Home Win,0,0.4,1.0,0.6,3.0,1.6,1.6,1.6,3.6,-1.0,-1.2000000000000002,-0.6000000000000001,-0.6000000000000001
2021-12-27,2021-22,Newcastle,Man United,Draw,1,0.6,2.4,0.8,2.2,1.4,1.4,2.0,4.6,-1.2,-0.7999999999999999,1.0,-2.3999999999999995
2021-12-28,2021-22,Crystal Palace,Norwich,Home Win,0,1.0,1.6,0.8,3.0,0.2,2.4,0.2,3.4,0.6000000000000001,0.8,-0.7999999999999998,-0.3999999999999999
2021-12-28,2021-22,Southampton,Tottenham,Draw,1,1.6,2.0,1.2,5.4,2.4,0.6,2.6,5.6,-1.4000000000000001,-0.7999999999999998,1.4,-0.1999999999999993
2021-12-28,2021-22,Watford,West Ham,Away Win,2,1.8,2.4,0.6,4.8,1.2,1.6,1.0,4.0,-0.4,0.6000000000000001,0.7999999999999998,0.7999999999999998
2021-12-28,2021-22,Leicester,Liverpool,Home Win,0,2.8,2.4,1.4,6.4,2.2,0.8,2.6,6.2,-1.2000000000000002,0.5999999999999996,1.5999999999999999,0.20000000000000018
2021-12-29,2021-22,Chelsea,Brighton,Draw,1,1.8,1.4,1.6,5.6,0.8,0.6,1.2,3.6,0.40000000000000013,1.0,0.7999999999999999,1.9999999999999996
2021-12-29,2021-22,Brentford,Man City,Away Win,2,1.0,1.4,1.4,4.0,4.2,0.8,3.0,10.8,-1.6,-3.2,0.5999999999999999,-6.800000000000001
2021-12-30,2021-22,Man United,Burnley,Home Win,0,1.4,0.8,2.2,4.8,0.8,1.0,0.8,2.8,1.4000000000000001,0.5999999999999999,-0.19999999999999996,2.0
2022-01-01,2021-22,Arsenal,Man City,Away Win,2,3.0,0.6,2.4,6.8,3.8,0.6,3.0,8.8,-0.6000000000000001,-0.7999999999999998,0.0,-2.000000000000001
2022-01-01,2021-22,Watford,Tottenham,Away Win,2,1.2,3.0,0.0,4.4,2.2,0.6,2.2,7.0,-2.2,-1.0000000000000002,2.4,-2.5999999999999996
2022-01-01,2021-22,Crystal Palace,West Ham,Away Win,2,1.6,1.4,1.4,4.0,1.8,1.6,1.4,4.0,0.0,-0.19999999999999996,-0.20000000000000018,0.0
2022-01-02,2021-22,Brentford,Aston Villa,Home Win,0,0.8,1.6,0.8,3.6,1.2,1.4,1.2,2.8,-0.3999999999999999,-0.3999999999999999,0.20000000000000018,0.8000000000000003
2022-01-02,2021-22,Everton,Brighton,Away Win,2,1.0,2.0,0.8,4.2,1.0,0.8,1.2,4.0,-0.3999999999999999,0.0,1.2,0.20000000000000018
2022-01-02,2021-22,Leeds,Burnley,Home Win,0,1.2,3.2,0.8,3.8,0.8,1.4,0.6,3.0,0.20000000000000007,0.3999999999999999,1.8000000000000003,0.7999999999999998
2022-01-02,2021-22,Chelsea,Liverpool,Draw,1,1.6,1.0,1.8,5.2,1.4,0.8,2.0,5.6,-0.19999999999999996,0.20000000000000018,0.19999999999999996,-0.39999999999999947
2022-01-03,2021-22,Man United,Wolves,Away Win,2,1.8,0.8,2.6,5.6,0.2,0.4,1.0,2.0,1.6,1.6,0.4,3.5999999999999996
2022-01-11,2021-22,Southampton,Brentford,Home Win,0,1.4,1.8,1.2,4.4,1.2,1.4,1.4,4.0,-0.19999999999999996,0.19999999999999996,0.40000000000000013,0.40000000000000036
2022-01-12,2021-22,West Ham,Norwich,Home Win,0,1.8,1.6,1.4,4.0,0.0,2.8,0.0,2.8,1.4,1.8,-1.1999999999999997,1.2000000000000002
2022-01-14,2021-22,Brighton,Crystal Palace,Draw,1,1.4,1.0,1.6,4.4,2.0,1.8,1.4,4.8,0.20000000000000018,-0.6000000000000001,-0.8,-0.39999999999999947
2022-01-15,2021-22,Man City,Chelsea,Home Win,0,4.0,0.8,3.0,7.2,1.4,1.0,1.4,5.2,1.6,2.6,-0.19999999999999996,2.0
2022-01-15,2021-22,Newcastle,Watford,Draw,1,0.6,2.4,0.8,3.6,0.8,2.4,0.0,4.2,0.8,-0.20000000000000007,0.0,-0.6000000000000001
2022-01-15,2021-22,Norwich,Everton,Home Win,0,0.0,2.6,0.0,3.2,1.4,2.4,0.8,4.4,-0.8,-1.4,0.20000000000000018,-1.2000000000000002
2022-01-15,2021-22,Wolves,Southampton,Home Win,0,0.4,0.4,1.4,2.8,2.0,1.8,1.6,4.8,-0.20000000000000018,-1.6,-1.4,-2.0
2022-01-15,2021-22,Aston Villa,Man United,Draw,1,1.2,1.4,1.2,3.2,1.2,0.6,2.0,4.0,-0.8,0.0,0.7999999999999999,-0.7999999999999998
2022-01-16,2021-22,Liverpool,Brentford,Home Win,0,1.6,1.2,1.6,5.8,1.0,1.8,1.2,4.2,0.40000000000000013,0.6000000000000001,-0.6000000000000001,1.5999999999999996
2022-01-16,2021-22,West Ham,Leeds,Away Win,2,2.2,1.6,1.8,4.4,1.6,3.4,0.8,4.6,1.0,0.6000000000000001,-1.7999999999999998,-0.1999999999999993
2022-01-18,2021-22,Brighton,Chelsea,Draw,1,1.4,1.0,1.6,4.4,1.2,1.0,1.2,3.4,0.40000000000000013,0.19999999999999996,0.0,1.0000000000000004
2022-01-19,2021-22,Leicester,Tottenham,Away Win,2,2.2,2.0,1.4,5.0,2.0,0.6,2.2,7.6,-0.8000000000000003,0.20000000000000018,1.4,-2.5999999999999996
2022-01-19,2021-22,Brentford,Man United,Away Win,2,0.6,2.2,0.6,3.4,1.4,1.0,1.6,4.6,-1.0,-0.7999999999999999,1.2000000000000002,-1.1999999999999997
2022-01-21,2021-22,Watford,Norwich,Away Win,2,0.8,2.2,0.2,4.0,0.4,2.6,0.6,2.8,-0.39999999999999997,0.4,-0.3999999999999999,1.2000000000000002
2022-01-22,2021-22,Everton,Aston Villa,Away Win,2,1.4,2.0,0.8,5.0,1.2,1.6,0.8,4.2,0.0,0.19999999999999996,0.3999999999999999,0.7999999999999998
2022-01-22,2021-22,Brentford,Wolves,Away Win,2,0.8,2.4,0.6,3.8,1.0,0.4,2.0,3.6,-1.4,-0.19999999999999996,2.0,0.19999999999999973
2022-01-22,2021-22,Leeds,Newcastle,Away Win,2,1.8,3.4,1.2,4.4,0.6,2.6,0.4,3.0,0.7999999999999999,1.2000000000000002,0.7999999999999998,1.4000000000000004
2022-01-22,2021-22,Man United,West Ham,Home Win,0,1.8,1.2,1.6,4.6,2.6,1.8,1.8,5.2,-0.19999999999999996,-0.8,-0.6000000000000001,-0.6000000000000005
2022-01-22,2021-22,Southampton,Man City,Draw,1,2.2,1.8,1.6,5.6,2.8,0.8,3.0,5.4,-1.4,-0.5999999999999996,1.0,0.1999999999999993
2022-01-23,2021-22,Arsenal,Burnley,Draw,1,3.0,0.6,2.4,6.6,0.4,1.4,0.4,1.6,2.0,2.6,-0.7999999999999999,5.0
2022-01-23,2021-22,Crystal Palace,Liverpool,Away Win,2,1.6,1.8,1.0,3.8,2.0,1.2,1.6,7.4,-0.6000000000000001,-0.3999999999999999,0.6000000000000001,-3.6000000000000005
2022-01-23,2021-22,Leicester,Brighton,Draw,1,2.2,2.2,1.2,4.6,1.6,1.0,1.8,4.4,-0.6000000000000001,0.6000000000000001,1.2000000000000002,0.1999999999999993
2022-01-23,2021-22,Chelsea,Tottenham,Home Win,0,1.4,1.2,1.2,3.8,2.0,1.0,2.2,8.2,-1.0000000000000002,-0.6000000000000001,0.19999999999999996,-4.3999999999999995
2022-02-05,2021-22,Burnley,Watford,Draw,1,0.4,1.4,0.4,1.6,0.6,2.2,0.2,4.0,0.2,-0.19999999999999996,-0.8000000000000003,-2.4
2022-02-08,2021-22,Newcastle,Everton,Home Win,0,0.8,1.8,1.0,3.0,1.0,2.0,0.2,4.2,0.8,-0.19999999999999996,-0.19999999999999996,-1.2000000000000002
2022-02-08,2021-22,West Ham,Watford,Home Win,0,2.2,1.4,1.8,4.4,0.4,1.8,0.4,4.6,1.4,1.8000000000000003,-0.40000000000000013,-0.1999999999999993
2022-02-08,2021-22,Burnley,Man United,Draw,1,0.4,1.2,0.6,1.8,1.8,1.0,2.0,4.4,-1.4,-1.4,0.19999999999999996,-2.6000000000000005
2022-02-09,2021-22,Man City,Brentford,Home Win,0,2.2,1.0,2.6,5.0,1.0,2.6,0.6,3.6,2.0,1.2000000000000002,-1.6,1.4
2022-02-09,2021-22,Norwich,Crystal Palace,Draw,1,1.0,2.2,1.2,2.6,1.4,2.0,0.8,3.6,0.3999999999999999,-0.3999999999999999,0.20000000000000018,-1.0
2022-02-09,2021-22,Tottenham,Southampton,Away Win,2,1.6,1.0,2.0,7.8,2.0,1.6,1.6,5.4,0.3999999999999999,-0.3999999999999999,-0.6000000000000001,2.3999999999999995
2022-02-09,2021-22,Aston Villa,Leeds,Draw,1,1.4,1.4,1.4,4.8,1.4,3.0,1.2,4.2,0.19999999999999996,0.0,-1.6,0.5999999999999996
2022-02-10,2021-22,Liverpool,Leicester,Home Win,0,2.0,1.2,1.6,7.2,2.2,2.0,1.4,4.6,0.20000000000000018,-0.20000000000000018,-0.8,2.6000000000000005
2022-02-10,2021-22,Wolves,Arsenal,Away Win,2,1.4,0.4,2.6,3.8,2.4,0.6,2.0,6.6,0.6000000000000001,-1.0,-0.19999999999999996,-2.8
2022-02-12,2021-22,Man United,Southampton,Draw,1,1.4,1.0,1.6,4.2,2.0,1.6,1.6,6.2,0.0,-0.6000000000000001,-0.6000000000000001,-2.0
2022-02-12,2021-22,Brentford,Crystal Palace,Draw,1,0.6,2.8,0.0,3.2,1.6,1.6,1.0,4.6,-1.0,-1.0,1.1999999999999997,-1.3999999999999995
2022-02-12,2021-22,Everton,Leeds,Home Win,0,1.0,2.0,0.2,3.6,2.0,2.2,1.4,5.2,-1.2,-1.0,-0.20000000000000018,-1.6
2022-02-12,2021-22,Watford,Brighton,Away Win,2,0.2,1.2,0.4,3.8,1.4,1.2,1.4,4.4,-0.9999999999999999,-1.2,0.0,-0.6000000000000005
2022-02-12,2021-22,Norwich,Man City,Away Win,2,1.2,1.4,1.4,2.4,1.4,0.4,2.6,4.6,-1.2000000000000002,-0.19999999999999996,0.9999999999999999,-2.1999999999999997
2022-02-13,2021-22,Burnley,Liverpool,Away Win,2,0.6,1.4,0.6,2.2,2.0,0.8,2.0,8.2,-1.4,-1.4,0.5999999999999999,-5.999999999999999
2022-02-13,2021-22,Newcastle,Aston Villa,Home Win,0,1.2,1.4,1.6,4.4,1.6,2.0,1.0,4.4,0.6000000000000001,-0.40000000000000013,-0.6000000000000001,0.0
2022-02-13,2021-22,Tottenham,Wolves,Away Win,2,1.4,1.6,1.4,7.2,1.2,0.6,2.0,3.6,-0.6000000000000001,0.19999999999999996,1.0,3.6
2022-02-13,2021-22,Leicester,West Ham,Draw,1,1.4,2.4,0.8,3.8,1.6,1.2,1.8,3.8,-1.0,-0.20000000000000018,1.2,0.0
2022-02-15,2021-22,Man United,Brighton,Home Win,0,1.6,1.0,1.8,5.4,1.6,1.0,1.8,4.4,0.0,0.0,0.0,1.0
2022-02-19,2021-22,Arsenal,Brentford,Home Win,0,2.2,0.6,2.0,5.4,0.4,2.0,0.2,2.8,1.8,1.8000000000000003,-1.4,2.6000000000000005
2022-02-19,2021-22,Brighton,Burnley,Away Win,2,1.0,1.0,1.2,4.0,0.4,1.0,0.6,2.6,0.6,0.6,0.0,1.4
2022-02-19,2021-22,West Ham,Newcastle,Draw,1,1.4,1.2,1.4,3.4,1.4,0.6,2.2,4.6,-0.8000000000000003,0.0,0.6,-1.1999999999999997
2022-02-19,2021-22,Aston Villa,Watford,Away Win,2,1.4,1.6,1.0,4.4,0.2,1.4,0.4,3.2,0.6,1.2,0.20000000000000018,1.2000000000000002
2022-02-19,2021-22,Man City,Tottenham,Away Win,2,2.0,0.4,2.6,5.8,1.2,1.8,1.2,6.4,1.4000000000000001,0.8,-1.4,-0.6000000000000005
2022-02-19,2021-22,Crystal Palace,Chelsea,Away Win,2,1.0,1.6,0.6,4.0,1.2,1.0,1.2,4.4,-0.6,-0.19999999999999996,0.6000000000000001,-0.40000000000000036
2022-02-19,2021-22,Liverpool,Norwich,Home Win,0,2.2,0.6,2.6,8.2,1.2,1.6,1.4,2.4,1.2000000000000002,1.0000000000000002,-1.0,5.799999999999999
2022-02-19,2021-22,Southampton,Everton,Home Win,0,2.0,1.6,1.6,6.6,1.4,1.8,0.6,5.0,1.0,0.6000000000000001,-0.19999999999999996,1.5999999999999996
2022-02-20,2021-22,Leeds,Man United,Away Win,2,1.8,2.0,1.4,4.8,1.6,0.6,2.2,5.6,-0.8000000000000003,0.19999999999999996,1.4,-0.7999999999999998
2022-02-20,2021-22,Wolves,Leicester,Home Win,0,1.6,0.6,2.4,4.8,1.2,1.6,1.0,2.6,1.4,0.40000000000000013,-1.0,2.1999999999999997
2022-02-23,2021-22,Burnley,Tottenham,Home Win,0,0.8,0.4,1.2,3.0,1.6,2.2,1.2,5.6,0.0,-0.8,-1.8000000000000003,-2.5999999999999996
2022-02-23,2021-22,Watford,Crystal Palace,Away Win,2,0.2,1.2,0.8,3.0,0.6,1.2,0.6,2.8,0.20000000000000007,-0.39999999999999997,0.0,0.20000000000000018
2022-02-23,2021-22,Liverpool,Leeds,Home Win,0,2.4,0.4,3.0,8.6,1.6,2.6,0.8,4.6,2.2,0.7999999999999998,-2.2,4.0
2022-02-24,2021-22,Arsenal,Wolves,Home Win,0,1.8,0.6,2.0,4.6,1.8,0.8,2.4,4.2,-0.3999999999999999,0.0,-0.20000000000000007,0.39999999999999947
2022-02-25,2021-22,Southampton,Norwich,Home Win,0,1.6,1.4,1.6,7.6,1.4,1.8,1.4,2.0,0.20000000000000018,0.20000000000000018,-0.40000000000000013,5.6
2022-02-26,2021-22,Crystal Palace,Burnley,Draw,1,1.2,1.2,1.0,3.6,1.0,0.4,1.6,3.6,-0.6000000000000001,0.19999999999999996,0.7999999999999999,0.0
2022-02-26,2021-22,Leeds,Tottenham,Away Win,2,1.0,3.4,0.2,4.0,1.0,2.0,0.6,4.0,-0.39999999999999997,0.0,1.4,0.0
2022-02-26,2021-22,Brentford,Newcastle,Away Win,2,0.6,1.8,0.2,3.0,1.4,0.6,2.2,3.6,-2.0,-0.7999999999999999,1.2000000000000002,-0.6000000000000001
2022-02-26,2021-22,Brighton,Aston Villa,Away Win,2,0.8,1.4,1.0,3.4,1.2,1.4,1.0,3.6,0.0,-0.3999999999999999,0.0,-0.20000000000000018
2022-02-26,2021-22,Everton,Man City,Away Win,2,1.0,1.6,0.6,3.8,2.0,0.8,2.0,6.2,-1.4,-1.0,0.8,-2.4000000000000004
2022-02-26,2021-22,Man United,Watford,Draw,1,1.8,0.8,2.2,6.4,0.4,1.4,0.8,2.4,1.4000000000000001,1.4,-0.5999999999999999,4.0
2022-02-27,2021-22,West Ham,Wolves,Home Win,0,1.2,1.4,1.0,3.0,1.4,1.0,1.8,3.6,-0.8,-0.19999999999999996,0.3999999999999999,-0.6000000000000001
2022-03-01,2021-22,Burnley,Leicester,Away Win,2,1.2,0.6,1.6,3.4,1.2,2.0,0.4,3.8,1.2000000000000002,0.0,-1.4,-0.3999999999999999
2022-03-05,2021-22,Leicester,Leeds,Home Win,0,1.2,1.4,1.0,4.2,1.0,4.0,0.2,3.8,0.8,0.19999999999999996,-2.6,0.40000000000000036
2022-03-05,2021-22,Aston Villa,Southampton,Home Win,0,1.2,1.0,1.4,2.6,1.8,0.8,2.2,7.4,-0.8000000000000003,-0.6000000000000001,0.19999999999999996,-4.800000000000001
2022-03-05,2021-22,Burnley,Chelsea,Away Win,2,1.0,0.8,1.4,3.2,1.2,0.8,1.6,4.0,-0.20000000000000018,-0.19999999999999996,0.0,-0.7999999999999998
2022-03-05,2021-22,Newcastle,Brighton,Home Win,0,1.6,0.4,2.6,5.6,0.6,1.6,0.8,3.2,1.8,1.0,-1.2000000000000002,2.3999999999999995
2022-03-05,2021-22,Norwich,Brentford,Away Win,2,1.0,2.0,0.8,1.6,0.4,1.6,0.2,1.6,0.6000000000000001,0.6,0.3999999999999999,0.0
2022-03-05,2021-22,Wolves,Crystal Palace,Away Win,2,1.0,1.0,1.2,3.4,1.2,0.8,1.2,3.4,0.0,-0.19999999999999996,0.19999999999999996,0.0
2022-03-05,2021-22,Liverpool,West Ham,Home Win,0,3.0,0.4,3.0,9.0,1.0,0.8,1.6,2.8,1.4,2.0,-0.4,6.2
2022-03-06,2021-22,Watford,Arsenal,Away Win,2,0.4,1.4,0.8,1.8,1.2,0.8,2.0,4.4,-1.2,-0.7999999999999999,0.5999999999999999,-2.6000000000000005
2022-03-06,2021-22,Man City,Man United,Home Win,0,2.0,0.8,2.0,6.6,1.6,0.8,1.8,6.4,0.19999999999999996,0.3999999999999999,0.0,0.1999999999999993
2022-03-07,2021-22,Tottenham,Everton,Home Win,0,1.8,1.6,1.2,5.6,0.8,1.4,0.6,3.2,0.6,1.0,0.20000000000000018,2.3999999999999995
2022-03-10,2021-22,Norwich,Chelsea,Away Win,2,0.6,2.6,0.2,2.6,1.6,0.4,2.0,3.8,-1.8,-1.0,2.2,-1.1999999999999997
2022-03-10,2021-22,Southampton,Newcastle,Away Win,2,1.6,1.4,2.0,7.0,1.8,0.6,2.6,5.8,-0.6000000000000001,-0.19999999999999996,0.7999999999999999,1.2000000000000002
2022-03-10,2021-22,Wolves,Watford,Home Win,0,1.0,1.2,1.2,3.6,0.8,1.8,0.8,3.0,0.3999999999999999,0.19999999999999996,-0.6000000000000001,0.6000000000000001
2022-03-10,2021-22,Leeds,Aston Villa,Away Win,2,0.4,3.6,0.0,3.0,1.8,1.0,1.4,3.8,-1.4,-1.4,2.6,-0.7999999999999998
2022-03-12,2021-22,Brighton,Liverpool,Away Win,2,0.6,1.8,0.6,3.0,2.6,0.2,3.0,8.6,-2.4,-2.0,1.6,-5.6
2022-03-12,2021-22,Brentford,Burnley,Home Win,0,0.8,1.4,0.8,2.6,1.0,1.4,1.4,2.4,-0.5999999999999999,-0.19999999999999996,0.0,0.20000000000000018
2022-03-12,2021-22,Man United,Tottenham,Home Win,0,1.6,1.4,1.6,5.8,2.4,1.0,1.8,6.4,-0.19999999999999996,-0.7999999999999998,0.3999999999999999,-0.6000000000000005
2022-03-13,2021-22,Chelsea,Newcastle,Home Win,0,2.2,0.4,2.6,5.0,1.6,0.6,2.6,4.8,0.0,0.6000000000000001,-0.19999999999999996,0.20000000000000018
2022-03-13,2021-22,Everton,Wolves,Away Win,2,0.8,2.2,0.6,3.0,1.4,1.2,1.2,3.2,-0.6,-0.5999999999999999,1.0000000000000002,-0.20000000000000018
2022-03-13,2021-22,Leeds,Norwich,Home Win,0,0.4,3.6,0.0,3.2,0.6,3.0,0.0,3.0,0.0,-0.19999999999999996,0.6000000000000001,0.20000000000000018
2022-03-13,2021-22,Southampton,Watford,Away Win,2,1.2,1.4,1.4,6.0,0.8,2.2,0.8,2.8,0.5999999999999999,0.3999999999999999,-0.8000000000000003,3.2
2022-03-13,2021-22,West Ham,Aston Villa,Home Win,0,1.0,0.8,1.6,3.6,1.8,0.4,1.8,4.8,-0.19999999999999996,-0.8,0.4,-1.1999999999999997
2022-03-13,2021-22,Arsenal,Leicester,Home Win,0,1.6,0.8,2.6,4.8,1.2,1.2,1.4,4.0,1.2000000000000002,0.40000000000000013,-0.3999999999999999,0.7999999999999998
2022-03-14,2021-22,Crystal Palace,Man City,Draw,1,1.4,0.6,1.6,4.0,2.6,0.8,2.4,7.6,-0.7999999999999998,-1.2000000000000002,-0.20000000000000007,-3.5999999999999996
2022-03-16,2021-22,Brighton,Tottenham,Away Win,2,0.2,2.2,0.0,2.4,2.8,1.2,1.8,5.6,-1.8,-2.5999999999999996,1.0000000000000002,-3.1999999999999997
2022-03-16,2021-22,Arsenal,Liverpool,Away Win,2,2.0,0.8,3.0,5.4,2.6,0.2,3.0,8.2,0.0,-0.6000000000000001,0.6000000000000001,-2.799999999999999
2022-03-17,2021-22,Everton,Newcastle,Home Win,0,0.6,1.8,0.6,2.8,1.4,0.8,2.0,4.8,-1.4,-0.7999999999999999,1.0,-2.0
2022-03-18,2021-22,Wolves,Leeds,Away Win,2,1.2,1.0,1.2,3.2,0.4,3.0,0.6,3.4,0.6,0.7999999999999999,-2.0,-0.19999999999999973
2022-03-19,2021-22,Aston Villa,Arsenal,Away Win,2,2.0,0.6,1.8,6.0,1.8,1.2,2.4,5.4,-0.5999999999999999,0.19999999999999996,-0.6,0.5999999999999996
2022-03-20,2021-22,Leicester,Brentford,Home Win,0,1.2,1.2,1.4,4.4,1.2,1.0,1.4,3.0,0.0,0.0,0.19999999999999996,1.4000000000000004
2022-03-20,2021-22,Tottenham,West Ham,Home Win,0,2.6,0.8,1.8,6.0,1.2,1.0,1.6,3.8,0.19999999999999996,1.4000000000000001,-0.19999999999999996,2.2
2022-04-02,2021-22,Liverpool,Watford,Home Win,0,2.8,0.2,3.0,8.0,1.0,2.4,0.8,3.0,2.2,1.7999999999999998,-2.1999999999999997,5.0
2022-04-02,2021-22,Brighton,Norwich,Draw,1,0.2,2.2,0.0,1.8,0.8,2.6,0.0,3.2,0.0,-0.6000000000000001,-0.3999999999999999,-1.4000000000000001
2022-04-02,2021-22,Burnley,Man City,Away Win,2,0.4,1.8,0.8,1.8,2.2,0.8,2.0,7.0,-1.2,-1.8000000000000003,1.0,-5.2
2022-04-02,2021-22,Chelsea,Brentford,Away Win,2,2.2,0.2,3.0,5.0,1.4,1.4,1.2,3.8,1.8,0.8000000000000003,-1.2,1.2000000000000002
2022-04-02,2021-22,Leeds,Southampton,Draw,1,1.0,2.2,1.2,4.2,1.2,1.6,1.2,6.6,0.0,-0.19999999999999996,0.6000000000000001,-2.3999999999999995
2022-04-02,2021-22,Wolves,Aston Villa,Home Win,0,1.4,1.2,1.2,4.4,2.0,0.6,1.8,6.0,-0.6000000000000001,-0.6000000000000001,0.6,-1.5999999999999996
2022-04-02,2021-22,Man United,Leicester,Draw,1,2.0,1.6,2.0,5.4,1.2,1.0,1.8,4.8,0.19999999999999996,0.8,0.6000000000000001,0.6000000000000005
2022-04-03,2021-22,West Ham,Everton,Home Win,0,1.0,1.2,1.4,3.4,0.2,1.8,0.6,1.4,0.7999999999999999,0.8,-0.6000000000000001,2.0
2022-04-03,2021-22,Tottenham,Newcastle,Home Win,0,3.2,0.8,2.4,6.4,1.2,0.8,1.8,5.4,0.5999999999999999,2.0,0.0,1.0
2022-04-04,2021-22,Crystal Palace,Arsenal,Home Win,0,1.4,0.6,1.6,3.6,1.6,1.0,2.4,4.4,-0.7999999999999998,-0.20000000000000018,-0.4,-0.8000000000000003
2022-04-06,2021-22,Burnley,Everton,Home Win,0,0.2,2.2,0.2,1.2,0.4,1.8,0.6,1.8,-0.39999999999999997,-0.2,0.40000000000000013,-0.6000000000000001
2022-04-08,2021-22,Newcastle,Wolves,Home Win,0,1.0,1.8,1.2,3.4,1.8,1.2,1.8,5.2,-0.6000000000000001,-0.8,0.6000000000000001,-1.8000000000000003
2022-04-09,2021-22,Everton,Man United,Home Win,0,0.8,2.2,0.6,2.2,1.8,1.8,1.6,5.0,-1.0,-1.0,0.40000000000000013,-2.8
2022-04-09,2021-22,Arsenal,Brighton,Away Win,2,1.2,1.4,1.8,4.0,0.2,1.6,0.2,2.4,1.6,1.0,-0.20000000000000018,1.6
2022-04-09,2021-22,Southampton,Chelsea,Away Win,2,1.0,1.8,0.8,5.6,2.0,1.0,2.4,5.2,-1.5999999999999999,-1.0,0.8,0.39999999999999947
2022-04-09,2021-22,Watford,Leeds,Away Win,2,0.8,2.0,0.8,3.2,1.2,1.6,1.4,4.2,-0.5999999999999999,-0.3999999999999999,0.3999999999999999,-1.0
2022-04-09,2021-22,Aston Villa,Tottenham,Away Win,2,1.8,1.0,1.2,6.2,3.4,1.0,2.4,5.4,-1.2,-1.5999999999999999,0.0,0.7999999999999998
2022-04-10,2021-22,Brentford,West Ham,Home Win,0,2.0,1.2,1.8,4.6,1.2,1.2,1.8,3.8,0.0,0.8,0.0,0.7999999999999998
2022-04-10,2021-22,Leicester,Crystal Palace,Home Win,0,1.2,0.8,2.0,4.0,2.0,0.4,2.2,4.6,-0.20000000000000018,-0.8,0.4,-0.5999999999999996
2022-04-10,2021-22,Norwich,Burnley,Home Win,0,0.6,2.0,0.2,3.0,0.6,2.4,0.6,1.8,-0.39999999999999997,0.0,-0.3999999999999999,1.2
2022-04-10,2021-22,Man City,Liverpool,Draw,1,1.8,0.8,2.0,6.4,2.6,0.0,3.0,7.0,-1.0,-0.8,0.8,-0.5999999999999996
2022-04-16,2021-22,Man United,Norwich,Home Win,0,1.0,1.6,1.0,4.0,1.0,1.6,0.8,4.0,0.19999999999999996,0.0,0.0,0.0
2022-04-16,2021-22,Tottenham,Brighton,Away Win,2,3.2,1.0,2.4,5.0,0.6,1.4,0.8,2.8,1.5999999999999999,2.6,-0.3999999999999999,2.2
2022-04-16,2021-22,Watford,Brentford,Away Win,2,0.8,2.6,0.6,3.0,2.4,0.8,2.4,5.8,-1.7999999999999998,-1.5999999999999999,1.8,-2.8
2022-04-16,2021-22,Southampton,Arsenal,Home Win,0,0.6,3.0,0.2,4.0,0.8,1.4,1.2,4.0,-1.0,-0.20000000000000007,1.6,0.0
2022-04-17,2021-22,Newcastle,Leicester,Home Win,0,0.8,1.6,1.2,3.4,1.2,1.0,2.0,3.4,-0.8,-0.3999999999999999,0.6000000000000001,0.0
2022-04-17,2021-22,West Ham,Burnley,Draw,1,1.0,1.6,1.2,3.2,0.6,2.4,0.6,2.2,0.6,0.4,-0.7999999999999998,1.0
2022-04-19,2021-22,Liverpool,Man United,Home Win,0,1.8,0.4,2.6,4.8,1.6,2.0,1.4,5.2,1.2000000000000002,0.19999999999999996,-1.6,-0.40000000000000036
2022-04-20,2021-22,Chelsea,Arsenal,Away Win,2,3.0,1.0,2.4,7.4,0.4,1.6,0.6,3.6,1.7999999999999998,2.6,-0.6000000000000001,3.8000000000000003
2022-04-20,2021-22,Everton,Leicester,Draw,1,1.0,1.2,1.2,2.8,1.2,1.4,1.4,3.0,-0.19999999999999996,-0.19999999999999996,-0.19999999999999996,-0.20000000000000018
2022-04-20,2021-22,Newcastle,Crystal Palace,Home Win,0,0.8,1.6,1.2,4.0,1.4,0.6,1.6,4.2,-0.40000000000000013,-0.5999999999999999,1.0,-0.20000000000000018
2022-04-20,2021-22,Man City,Brighton,Home Win,0,1.8,0.6,2.2,6.6,0.6,1.0,1.4,3.0,0.8000000000000003,1.2000000000000002,-0.4,3.5999999999999996
2022-04-21,2021-22,Burnley,Southampton,Home Win,0,0.8,1.8,0.8,2.2,0.8,2.2,0.8,4.4,0.0,0.0,-0.40000000000000013,-2.2
2022-04-23,2021-22,Arsenal,Man United,Home Win,0,1.2,1.6,1.2,4.0,1.4,2.0,1.4,5.0,-0.19999999999999996,-0.19999999999999996,-0.3999999999999999,-1.0
2022-04-23,2021-22,Leicester,Aston Villa,Draw,1,1.4,1.2,1.6,3.0,1.0,1.8,0.6,6.0,1.0,0.3999999999999999,-0.6000000000000001,-3.0
2022-04-23,2021-22,Man City,Watford,Home Win,0,2.2,0.6,2.2,6.0,0.6,2.4,0.6,2.4,1.6,1.6,-1.7999999999999998,3.6
2022-04-23,2021-22,Norwich,Newcastle,Away Win,2,1.2,1.6,0.8,3.4,1.0,1.4,1.8,4.4,-1.0,0.19999999999999996,0.20000000000000018,-1.0000000000000004
2022-04-23,2021-22,Brentford,Tottenham,Draw,1,2.2,0.8,2.4,5.6,2.8,0.6,2.4,4.4,0.0,-0.5999999999999996,0.20000000000000007,1.1999999999999993
2022-04-24,2021-22,Brighton,Southampton,Draw,1,0.6,1.2,1.4,2.6,0.6,2.2,0.8,4.0,0.5999999999999999,0.0,-1.0000000000000002,-1.4
2022-04-24,2021-22,Burnley,Wolves,Home Win,0,1.2,1.4,1.4,3.2,1.8,1.0,1.8,4.6,-0.40000000000000013,-0.6000000000000001,0.3999999999999999,-1.3999999999999995
2022-04-24,2021-22,Chelsea,West Ham,Home Win,0,2.6,1.8,1.8,6.8,1.2,1.6,1.4,3.8,0.40000000000000013,1.4000000000000001,0.19999999999999996,3.0
2022-04-24,2021-22,Liverpool,Everton,Home Win,0,2.4,0.4,2.6,4.8,1.2,1.2,1.4,3.0,1.2000000000000002,1.2,-0.7999999999999999,1.7999999999999998
2022-04-25,2021-22,Crystal Palace,Leeds,Draw,1,1.2,0.6,1.4,3.8,1.8,1.4,2.0,4.4,-0.6000000000000001,-0.6000000000000001,-0.7999999999999999,-0.6000000000000005
2022-04-28,2021-22,Man United,Chelsea,Draw,1,1.0,2.2,0.8,4.8,2.2,1.6,1.8,6.4,-1.0,-1.2000000000000002,0.6000000000000001,-1.6000000000000005
2022-04-30,2021-22,Newcastle,Liverpool,Away Win,2,1.6,1.2,2.4,4.6,2.4,0.4,2.6,3.8,-0.20000000000000018,-0.7999999999999998,0.7999999999999999,0.7999999999999998
2022-04-30,2021-22,Aston Villa,Norwich,Home Win,0,0.4,1.8,0.2,4.8,1.0,1.6,0.8,3.2,-0.6000000000000001,-0.6,0.19999999999999996,1.5999999999999996
2022-04-30,2021-22,Southampton,Crystal Palace,Away Win,2,0.8,2.2,1.0,3.6,0.8,0.6,1.0,3.6,0.0,0.0,1.6,0.0
2022-04-30,2021-22,Watford,Burnley,Away Win,2,0.8,2.6,0.6,2.8,1.4,1.0,2.0,4.0,-1.4,-0.5999999999999999,1.6,-1.2000000000000002
2022-04-30,2021-22,Wolves,Brighton,Away Win,2,1.0,1.2,1.2,4.4,1.0,1.2,1.6,3.6,-0.40000000000000013,0.0,0.0,0.8000000000000003
2022-04-30,2021-22,Leeds,Man City,Away Win,2,1.8,0.8,2.2,4.6,2.4,0.6,2.2,5.6,0.0,-0.5999999999999999,0.20000000000000007,-1.0
2022-05-01,2021-22,Everton,Chelsea,Home Win,0,1.0,1.6,0.8,2.6,2.2,1.8,1.4,7.0,-0.5999999999999999,-1.2000000000000002,-0.19999999999999996,-4.4
2022-05-01,2021-22,Tottenham,Leicester,Home Win,0,2.4,0.6,2.0,3.0,1.0,1.0,1.2,2.6,0.8,1.4,-0.4,0.3999999999999999
2022-05-01,2021-22,West Ham,Arsenal,Away Win,2,0.8,1.6,0.8,3.4,1.6,1.8,1.2,4.8,-0.3999999999999999,-0.8,-0.19999999999999996,-1.4
2022-05-02,2021-22,Man United,Brentford,Home Win,0,1.0,2.2,0.8,4.4,1.8,0.8,2.0,5.2,-1.2,-0.8,1.4000000000000001,-0.7999999999999998
2022-05-07,2021-22,Chelsea,Wolves,Draw,1,2.0,1.2,1.4,6.4,0.8,1.8,0.6,4.0,0.7999999999999999,1.2,-0.6000000000000001,2.4000000000000004
2022-05-07,2021-22,Brentford,Southampton,Home Win,0,1.6,1.0,2.0,4.8,0.8,2.4,0.8,3.0,1.2,0.8,-1.4,1.7999999999999998
2022-05-07,2021-22,Burnley,Aston Villa,Away Win,2,1.2,0.8,2.0,4.4,0.6,1.4,0.8,4.6,1.2,0.6,-0.5999999999999999,-0.1999999999999993
2022-05-07,2021-22,Brighton,Man United,Home Win,0,1.6,1.2,2.0,4.6,1.6,2.0,1.4,4.6,0.6000000000000001,0.0,-0.8,0.0
2022-05-07,2021-22,Liverpool,Tottenham,Draw,1,2.2,0.4,2.6,5.2,2.4,0.6,2.0,3.6,0.6000000000000001,-0.19999999999999973,-0.19999999999999996,1.6
2022-05-07,2021-22,Crystal Palace,Watford,Home Win,0,1.2,0.8,1.4,4.4,0.6,2.8,0.0,2.0,1.4,0.6,-1.9999999999999998,2.4000000000000004
2022-05-08,2021-22,Leicester,Everton,Away Win,2,1.0,1.4,1.0,2.4,1.0,1.2,1.4,3.0,-0.3999999999999999,0.0,0.19999999999999996,-0.6000000000000001
2022-05-08,2021-22,Norwich,West Ham,Away Win,2,0.8,1.6,0.8,3.0,0.8,1.4,0.8,3.8,0.0,0.0,0.20000000000000018,-0.7999999999999998
2022-05-08,2021-22,Arsenal,Leeds,Home Win,0,2.0,1.4,1.8,5.6,1.4,1.4,1.6,3.6,0.19999999999999996,0.6000000000000001,0.0,1.9999999999999996
2022-05-08,2021-22,Man City,Newcastle,Home Win,0,3.2,0.6,2.6,6.0,1.4,0.4,2.4,4.8,0.20000000000000018,1.8000000000000003,0.19999999999999996,1.2000000000000002
2022-05-10,2021-22,Aston Villa,Liverpool,Away Win,2,1.2,1.4,1.4,5.8,2.0,0.6,2.2,5.2,-0.8000000000000003,-0.8,0.7999999999999999,0.5999999999999996
2022-05-11,2021-22,Leeds,Chelsea,Away Win,2,1.0,1.4,1.0,2.8,1.2,1.6,1.0,4.8,0.0,-0.19999999999999996,-0.20000000000000018,-2.0
2022-05-11,2021-22,Leicester,Norwich,Home Win,0,0.8,1.6,0.4,3.6,0.8,2.4,0.6,3.4,-0.19999999999999996,0.0,-0.7999999999999998,0.20000000000000018
2022-05-11,2021-22,Watford,Everton,Draw,1,0.6,2.6,0.0,1.8,1.0,0.8,2.0,3.0,-2.0,-0.4,1.8,-1.2
2022-05-11,2021-22,Wolves,Man City,Away Win,2,0.8,1.6,0.8,3.2,3.8,0.6,2.6,6.6,-1.8,-3.0,1.0,-3.3999999999999995
2022-05-12,2021-22,Tottenham,Arsenal,Home Win,0,1.6,0.6,1.6,3.0,2.2,1.2,2.4,6.6,-0.7999999999999998,-0.6000000000000001,-0.6,-3.5999999999999996
2022-05-15,2021-22,Tottenham,Burnley,Home Win,0,1.4,0.6,1.6,3.2,1.4,1.0,2.0,4.8,-0.3999999999999999,0.0,-0.4,-1.5999999999999996
2022-05-15,2021-22,Aston Villa,Crystal Palace,Draw,1,1.2,1.4,1.4,5.6,0.8,0.8,1.4,4.8,0.0,0.3999999999999999,0.5999999999999999,0.7999999999999998
2022-05-15,2021-22,Leeds,Brighton,Draw,1,0.8,1.8,0.8,2.2,2.0,1.0,2.0,5.2,-1.2,-1.2,0.8,-3.0
2022-05-15,2021-22,Watford,Leicester,Away Win,2,0.6,2.0,0.2,1.6,1.2,1.2,1.0,4.8,-0.8,-0.6,0.8,-3.1999999999999997
2022-05-15,2021-22,West Ham,Man City,Draw,1,1.2,1.2,0.8,3.8,4.4,0.4,3.0,6.6,-2.2,-3.2,0.7999999999999999,-2.8
2022-05-15,2021-22,Wolves,Norwich,Draw,1,0.6,2.4,0.2,2.8,0.4,3.0,0.0,3.2,0.2,0.19999999999999996,-0.6000000000000001,-0.40000000000000036
2022-05-15,2021-22,Everton,Brentford,Away Win,2,0.8,0.8,1.6,3.4,1.4,0.8,2.0,4.6,-0.3999999999999999,-0.5999999999999999,0.0,-1.1999999999999997
2022-05-16,2021-22,Newcastle,Arsenal,Home Win,0,1.2,1.4,1.8,4.6,2.2,1.6,2.4,6.2,-0.5999999999999999,-1.0000000000000002,-0.20000000000000018,-1.6000000000000005
2022-05-17,2021-22,Southampton,Liverpool,Away Win,2,0.8,1.8,0.8,3.6,2.0,0.4,2.6,5.6,-1.8,-1.2,1.4,-1.9999999999999996
2022-05-19,2021-22,Everton,Crystal Palace,Home Win,0,1.0,1.2,1.4,3.8,0.8,0.6,1.6,5.0,-0.20000000000000018,0.19999999999999996,0.6,-1.2000000000000002
2022-05-19,2021-22,Aston Villa,Burnley,Draw,1,1.4,0.8,1.6,4.8,1.2,1.0,1.8,4.8,-0.19999999999999996,0.19999999999999996,-0.19999999999999996,0.0
2022-05-19,2021-22,Chelsea,Leicester,Draw,1,1.4,0.8,1.6,5.2,2.0,1.2,1.4,5.6,0.20000000000000018,-0.6000000000000001,-0.3999999999999999,-0.39999999999999947
2022-05-22,2021-22,Arsenal,Everton,Home Win,0,1.4,1.6,1.8,5.8,1.6,1.2,2.0,4.8,-0.19999999999999996,-0.20000000000000018,0.40000000000000013,1.0
2022-05-22,2021-22,Brentford,Leeds,Away Win,2,1.6,1.2,2.0,4.6,0.4,2.0,0.4,2.2,1.6,1.2000000000000002,-0.8,2.3999999999999995
2022-05-22,2021-22,Brighton,West Ham,Home Win,0,2.0,1.2,1.6,5.4,1.6,1.2,1.0,4.0,0.6000000000000001,0.3999999999999999,0.0,1.4000000000000004
2022-05-22,2021-22,Burnley,Newcastle,Away Win,2,1.0,1.2,1.4,4.6,1.2,1.2,1.8,4.0,-0.40000000000000013,-0.19999999999999996,0.0,0.5999999999999996
2022-05-22,2021-22,Chelsea,Watford,Home Win,0,1.4,1.0,1.2,5.6,0.6,2.6,0.2,1.8,1.0,0.7999999999999999,-1.6,3.8
2022-05-22,2021-22,Crystal Palace,Man United,Home Win,0,1.2,1.0,1.6,5.6,1.0,2.4,0.8,3.8,0.8,0.19999999999999996,-1.4,1.7999999999999998
2022-05-22,2021-22,Leicester,Southampton,Home Win,0,2.2,1.4,1.4,5.4,0.8,2.2,0.2,3.4,1.2,1.4000000000000001,-0.8000000000000003,2.0000000000000004
2022-05-22,2021-22,Liverpool,Wolves,Home Win,0,1.6,0.6,2.6,5.6,0.8,2.4,0.4,3.2,2.2,0.8,-1.7999999999999998,2.3999999999999995
2022-05-22,2021-22,Man City,Aston Villa,Home Win,0,4.2,0.8,2.6,7.2,1.6,1.0,1.6,6.0,1.0,2.6,-0.19999999999999996,1.2000000000000002
2022-05-22,2021-22,Norwich,Tottenham,Away Win,2,0.2,2.6,0.2,2.8,1.6,0.4,2.2,4.8,-2.0,-1.4000000000000001,2.2,-2.0
2022-08-05,2022-23,Crystal Palace,Arsenal,Away Win,2,1.4,1.0,2.0,4.8,1.8,1.6,1.8,6.2,0.19999999999999996,-0.40000000000000013,-0.6000000000000001,-1.4000000000000004
2022-08-06,2022-23,Leeds,Wolves,Home Win,0,0.8,2.2,0.8,3.0,1.0,2.8,0.4,3.4,0.4,-0.19999999999999996,-0.5999999999999996,-0.3999999999999999
2022-08-06,2022-23,Tottenham,Southampton,Home Win,0,2.6,0.4,2.6,7.4,1.0,2.6,0.2,3.2,2.4,1.6,-2.2,4.2
2022-08-06,2022-23,Everton,Chelsea,Away Win,2,1.6,2.2,1.4,4.4,1.6,1.0,1.6,6.0,-0.20000000000000018,0.0,1.2000000000000002,-1.5999999999999996
2022-08-07,2022-23,Leicester,Brentford,Draw,1,2.8,1.0,2.0,6.2,1.4,1.4,1.4,4.6,0.6000000000000001,1.4,-0.3999999999999999,1.6000000000000005
2022-08-07,2022-23,Man United,Brighton,Away Win,2,1.0,1.8,0.8,4.4,2.6,0.8,2.2,6.6,-1.4000000000000001,-1.6,1.0,-2.1999999999999993
2022-08-07,2022-23,West Ham,Man City,Away Win,2,1.6,1.6,0.8,2.8,3.8,1.0,2.6,6.6,-1.8,-2.1999999999999997,0.6000000000000001,-3.8
2022-08-13,2022-23,Aston Villa,Everton,Home Win,0,1.0,1.8,0.4,4.2,1.2,2.2,0.8,4.4,-0.4,-0.19999999999999996,-0.40000000000000013,-0.20000000000000018
2022-08-13,2022-23,Arsenal,Leicester,Home Win,0,1.8,1.4,1.8,5.2,3.0,1.0,2.2,5.4,-0.40000000000000013,-1.2,0.3999999999999999,-0.20000000000000018
2022-08-13,2022-23,Brighton,Newcastle,Draw,1,2.6,0.6,2.6,6.4,1.2,1.4,1.8,5.0,0.8,1.4000000000000001,-0.7999999999999999,1.4000000000000004
2022-08-13,2022-23,Southampton,Leeds,Draw,1,0.8,3.0,0.0,2.6,1.2,1.6,1.4,3.4,-1.4,-0.3999999999999999,1.4,-0.7999999999999998
2022-08-13,2022-23,Brentford,Man United,Home Win,0,1.8,1.8,1.4,4.8,1.0,1.6,0.8,4.4,0.5999999999999999,0.8,0.19999999999999996,0.39999999999999947
2022-08-14,2022-23,Chelsea,Tottenham,Draw,1,1.8,0.8,2.2,6.2,2.8,0.4,2.6,7.6,-0.3999999999999999,-0.9999999999999998,0.4,-1.3999999999999995
2022-08-15,2022-23,Liverpool,Crystal Palace,Draw,1,2.0,1.2,2.2,5.2,1.0,1.2,1.4,4.2,0.8000000000000003,1.0,0.0,1.0
2022-08-20,2022-23,Tottenham,Wolves,Home Win,0,3.0,0.6,2.6,8.0,0.8,2.2,0.4,3.8,2.2,2.2,-1.6,4.2
2022-08-20,2022-23,Crystal Palace,Aston Villa,Home Win,0,1.0,1.4,1.0,3.4,1.2,1.6,1.0,4.2,0.0,-0.19999999999999996,-0.20000000000000018,-0.8000000000000003
2022-08-20,2022-23,Leicester,Southampton,Away Win,2,2.8,1.8,1.6,4.2,1.0,3.0,0.2,2.8,1.4000000000000001,1.7999999999999998,-1.2,1.4000000000000004
2022-08-21,2022-23,Leeds,Chelsea,Home Win,0,1.4,1.6,1.6,4.0,1.8,0.8,2.2,5.6,-0.6000000000000001,-0.40000000000000013,0.8,-1.5999999999999996
2022-08-21,2022-23,West Ham,Brighton,Away Win,2,1.4,1.6,0.8,3.0,2.0,0.6,2.2,6.0,-1.4000000000000001,-0.6000000000000001,1.0,-3.0
2022-08-21,2022-23,Newcastle,Man City,Draw,1,1.2,1.2,2.0,4.8,3.2,1.0,2.6,5.4,-0.6000000000000001,-2.0,0.19999999999999996,-0.6000000000000005
2022-08-22,2022-23,Man United,Liverpool,Home Win,0,0.8,2.2,0.6,4.6,2.0,1.2,2.2,5.4,-1.6,-1.2,1.0000000000000002,-0.8000000000000007
2022-08-27,2022-23,Brighton,Leeds,Home Win,0,1.6,0.6,2.2,5.2,2.0,1.0,2.2,5.2,0.0,-0.3999999999999999,-0.4,0.0
2022-08-27,2022-23,Brentford,Everton,Draw,1,2.4,1.8,1.4,5.4,1.2,2.2,0.8,4.8,0.5999999999999999,1.2,-0.40000000000000013,0.6000000000000005
2022-08-27,2022-23,Southampton,Man United,Away Win,2,1.4,2.6,0.8,2.6,0.6,2.4,0.6,4.4,0.20000000000000007,0.7999999999999999,0.20000000000000018,-1.8000000000000003
2022-08-27,2022-23,Chelsea,Leicester,Home Win,0,1.2,1.4,1.6,5.4,2.0,2.0,1.0,3.0,0.6000000000000001,-0.8,-0.6000000000000001,2.4000000000000004
2022-08-27,2022-23,Liverpool,Bournemouth,Home Win,0,1.8,1.4,1.6,5.2,0.6666666666666666,2.3333333333333335,1.0,1.6666666666666667,0.6000000000000001,1.1333333333333333,-0.9333333333333336,3.533333333333333
2022-08-27,2022-23,Arsenal,Fulham,Home Win,0,2.8,1.0,2.4,5.2,1.6666666666666667,1.3333333333333333,1.6666666666666667,5.0,0.7333333333333332,1.133333333333333,-0.33333333333333326,0.20000000000000018
2022-08-27,2022-23,Man City,Crystal Palace,Home Win,0,2.8,1.4,2.2,6.4,1.4,1.4,1.4,4.4,0.8000000000000003,1.4,0.0,2.0
2022-08-28,2022-23,Aston Villa,West Ham,Away Win,2,1.2,2.0,0.8,4.4,0.6,2.0,0.2,2.6,0.6000000000000001,0.6,0.0,1.8000000000000003
2022-08-28,2022-23,Wolves,Newcastle,Draw,1,0.6,1.4,0.4,3.8,1.8,0.8,2.2,5.4,-1.8000000000000003,-1.2000000000000002,0.5999999999999999,-1.6000000000000005
2022-08-28,2022-23,Nott'm Forest,Tottenham,Away Win,2,0.6666666666666666,1.0,1.3333333333333333,3.6666666666666665,2.6,0.6,2.6,7.6,-1.2666666666666668,-1.9333333333333336,0.4,-3.933333333333333
2022-08-30,2022-23,Crystal Palace,Brentford,Draw,1,1.4,1.6,1.4,3.8,2.0,1.6,1.0,5.0,0.3999999999999999,-0.6000000000000001,0.0,-1.2000000000000002
2022-08-30,2022-23,Fulham,Brighton,Home Win,0,1.5,1.5,1.25,4.5,1.6,0.4,2.6,4.8,-1.35,-0.10000000000000009,1.1,-0.2999999999999998
2022-08-30,2022-23,Southampton,Chelsea,Home Win,0,1.2,2.4,0.8,3.2,1.4,1.4,2.0,4.6,-1.2,-0.19999999999999996,1.0,-1.3999999999999995
2022-08-30,2022-23,Leeds,Everton,Draw,1,1.8,1.0,2.0,4.6,0.8,2.0,0.4,5.0,1.6,1.0,-1.0,-0.40000000000000036
2022-08-31,2022-23,Bournemouth,Wolves,Draw,1,0.5,4.0,0.75,1.75,0.6,1.4,0.4,3.8,0.35,-0.09999999999999998,2.6,-2.05
2022-08-31,2022-23,West Ham,Tottenham,Draw,1,0.4,1.6,0.6,2.6,2.8,0.6,2.6,7.4,-2.0,-2.4,1.0,-4.800000000000001
2022-08-31,2022-23,Arsenal,Aston Villa,Home Win,0,3.2,0.8,3.0,6.4,1.0,2.0,0.6,3.2,2.4,2.2,-1.2,3.2
2022-08-31,2022-23,Liverpool,Newcastle,Home Win,0,3.2,1.2,1.6,6.6,1.6,1.0,1.8,5.8,-0.19999999999999996,1.6,0.19999999999999996,0.7999999999999998
2022-08-31,2022-23,Man City,Nott'm Forest,Home Win,0,3.2,1.4,2.6,5.8,0.5,1.25,1.0,3.0,1.6,2.7,0.1499999999999999,2.8
2022-09-01,2022-23,Leicester,Man United,Away Win,2,2.0,2.2,0.8,3.8,0.8,1.6,1.2,4.6,-0.3999999999999999,1.2,0.6000000000000001,-0.7999999999999998
2022-09-03,2022-23,Everton,Liverpool,Draw,1,0.8,1.2,0.6,5.0,3.0,1.2,1.6,6.2,-1.0,-2.2,0.0,-1.2000000000000002
2022-09-03,2022-23,Brentford,Leeds,Home Win,0,2.0,1.4,1.2,4.6,1.6,1.0,1.6,4.4,-0.40000000000000013,0.3999999999999999,0.3999999999999999,0.1999999999999993
2022-09-03,2022-23,Chelsea,West Ham,Home Win,0,1.2,1.6,1.4,3.8,0.4,1.2,0.8,3.0,0.5999999999999999,0.7999999999999999,0.40000000000000013,0.7999999999999998
2022-09-03,2022-23,Newcastle,Crystal Palace,Draw,1,1.4,1.2,1.2,5.0,1.4,1.8,1.0,4.0,0.19999999999999996,0.0,-0.6000000000000001,1.0
2022-09-03,2022-23,Nott'm Forest,Bournemouth,Away Win,2,0.4,2.2,0.8,2.6,0.4,3.2,0.8,1.8,0.0,0.0,-1.0,0.8
2022-09-03,2022-23,Tottenham,Fulham,Home Win,0,2.0,0.8,2.2,5.6,1.6,1.4,1.6,4.2,0.6000000000000001,0.3999999999999999,-0.5999999999999999,1.3999999999999995
2022-09-03,2022-23,Wolves,Southampton,Home Win,0,0.4,0.8,0.6,3.6,1.4,1.8,1.4,4.2,-0.7999999999999999,-0.9999999999999999,-1.0,-0.6000000000000001
2022-09-03,2022-23,Aston Villa,Man City,Draw,1,0.8,1.8,0.6,3.4,3.8,1.0,2.6,6.6,-2.0,-3.0,0.8,-3.1999999999999997
2022-09-04,2022-23,Brighton,Leicester,Home Win,0,1.2,0.6,2.0,4.2,1.2,2.2,0.2,3.0,1.8,0.0,-1.6,1.2000000000000002
2022-09-04,2022-23,Man United,Arsenal,Home Win,0,1.0,1.4,1.8,4.2,2.6,0.8,3.0,6.4,-1.2,-1.6,0.5999999999999999,-2.2
2022-09-16,2022-23,Aston Villa,Southampton,Home Win,0,1.0,1.6,0.8,3.2,1.2,1.2,1.4,4.0,-0.5999999999999999,-0.19999999999999996,0.40000000000000013,-0.7999999999999998
2022-09-16,2022-23,Nott'm Forest,Fulham,Away Win,2,0.8,2.4,0.8,3.2,1.4,1.4,1.4,4.2,-0.5999999999999999,-0.5999999999999999,1.0,-1.0
2022-09-17,2022-23,Wolves,Man City,Away Win,2,0.4,0.4,1.2,2.8,3.6,1.2,2.2,7.0,-1.0000000000000002,-3.2,-0.7999999999999999,-4.2
2022-09-17,2022-23,Newcastle,Bournemouth,Draw,1,1.0,1.2,0.8,4.2,0.6,3.6,0.8,1.8,0.0,0.4,-2.4000000000000004,2.4000000000000004
2022-09-17,2022-23,Tottenham,Leicester,Home Win,0,1.6,0.8,2.2,6.0,1.2,2.8,0.0,2.8,2.2,0.40000000000000013,-1.9999999999999998,3.2
2022-09-18,2022-23,Brentford,Arsenal,Away Win,2,2.6,1.4,1.6,5.6,2.4,1.4,2.4,6.6,-0.7999999999999998,0.20000000000000018,0.0,-1.0
2022-09-18,2022-23,Everton,West Ham,Home Win,0,0.8,1.0,0.8,4.8,0.6,1.2,0.8,3.4,0.0,0.20000000000000007,-0.19999999999999996,1.4
2022-10-01,2022-23,Arsenal,Tottenham,Home Win,0,2.2,1.0,2.4,6.6,2.4,0.8,2.6,7.2,-0.20000000000000018,-0.19999999999999973,0.19999999999999996,-0.6000000000000005
2022-10-01,2022-23,Bournemouth,Brentford,Draw,1,0.8,3.0,1.0,2.2,1.8,2.0,1.0,4.6,0.0,-1.0,1.0,-2.3999999999999995
2022-10-01,2022-23,Crystal Palace,Chelsea,Away Win,2,1.4,1.4,1.2,5.4,1.4,1.8,1.4,3.2,-0.19999999999999996,0.0,-0.40000000000000013,2.2
2022-10-01,2022-23,Fulham,Newcastle,Away Win,2,2.0,1.8,1.8,5.0,1.2,1.4,0.8,5.4,1.0,0.8,0.40000000000000013,-0.40000000000000036
2022-10-01,2022-23,Liverpool,Brighton,Draw,1,2.6,0.8,1.6,7.0,1.8,0.8,2.0,5.6,-0.3999999999999999,0.8,0.0,1.4000000000000004
2022-10-01,2022-23,Southampton,Everton,Away Win,2,0.8,1.0,1.2,3.4,0.8,0.6,1.4,4.4,-0.19999999999999996,0.0,0.4,-1.0000000000000004
2022-10-01,2022-23,West Ham,Wolves,Home Win,0,0.6,1.2,0.8,3.2,0.4,1.0,1.0,2.8,-0.19999999999999996,0.19999999999999996,0.19999999999999996,0.40000000000000036
2022-10-02,2022-23,Man City,Man United,Home Win,0,3.4,1.2,2.2,7.0,1.4,1.2,2.4,4.4,-0.19999999999999973,2.0,0.0,2.5999999999999996
2022-10-02,2022-23,Leeds,Aston Villa,Draw,1,1.6,1.8,1.0,4.8,0.8,1.4,0.8,3.0,0.19999999999999996,0.8,0.40000000000000013,1.7999999999999998
2022-10-03,2022-23,Leicester,Nott'm Forest,Home Win,0,1.2,3.2,0.0,3.8,1.0,3.0,0.2,2.6,-0.2,0.19999999999999996,0.20000000000000018,1.1999999999999997
2022-10-08,2022-23,Bournemouth,Leicester,Home Win,0,0.8,2.4,1.2,2.2,1.8,2.8,0.6,5.0,0.6,-1.0,-0.3999999999999999,-2.8
2022-10-08,2022-23,Chelsea,Wolves,Home Win,0,1.4,1.6,1.8,3.2,0.4,1.2,1.0,3.0,0.8,0.9999999999999999,0.40000000000000013,0.20000000000000018
2022-10-08,2022-23,Man City,Southampton,Home Win,0,4.0,1.2,2.6,7.0,0.6,1.2,0.6,4.0,2.0,3.4,0.0,3.0
2022-10-08,2022-23,Newcastle,Brentford,Home Win,0,1.4,1.0,1.2,6.2,1.4,1.4,1.2,4.4,0.0,0.0,-0.3999999999999999,1.7999999999999998
2022-10-08,2022-23,Brighton,Tottenham,Away Win,2,2.4,1.4,2.0,5.4,2.4,1.4,2.0,7.0,0.0,0.0,0.0,-1.5999999999999996
2022-10-09,2022-23,Crystal Palace,Leeds,Home Win,0,1.4,1.6,1.0,5.4,1.2,1.4,1.0,4.0,0.0,0.19999999999999996,0.20000000000000018,1.4000000000000004
2022-10-09,2022-23,West Ham,Fulham,Home Win,0,1.0,0.8,1.4,3.6,1.6,2.2,1.2,3.4,0.19999999999999996,-0.6000000000000001,-1.4000000000000001,0.20000000000000018
2022-10-09,2022-23,Arsenal,Liverpool,Home Win,0,2.2,1.2,2.4,7.2,3.0,1.2,1.6,7.6,0.7999999999999998,-0.7999999999999998,0.0,-0.39999999999999947
2022-10-09,2022-23,Everton,Man United,Away Win,2,1.0,0.6,1.8,3.8,2.0,1.6,2.4,5.2,-0.5999999999999999,-1.0,-1.0,-1.4000000000000004
2022-10-10,2022-23,Nott'm Forest,Aston Villa,Draw,1,0.8,3.6,0.0,2.2,0.6,0.8,1.0,3.4,-1.0,0.20000000000000007,2.8,-1.1999999999999997
2022-10-14,2022-23,Brentford,Brighton,Home Win,0,1.4,2.2,1.0,4.0,2.0,1.6,1.4,5.8,-0.3999999999999999,-0.6000000000000001,0.6000000000000001,-1.7999999999999998
2022-10-15,2022-23,Wolves,Nott'm Forest,Home Win,0,0.2,1.6,0.8,2.6,1.0,3.4,0.2,2.6,0.6000000000000001,-0.8,-1.7999999999999998,0.0
2022-10-15,2022-23,Leicester,Crystal Palace,Draw,1,1.8,2.8,0.6,5.0,1.2,1.6,1.0,4.6,-0.4,0.6000000000000001,1.1999999999999997,0.40000000000000036
2022-10-15,2022-23,Fulham,Bournemouth,Draw,1,1.6,2.4,1.2,3.2,1.2,0.8,1.8,2.6,-0.6000000000000001,0.40000000000000013,1.5999999999999999,0.6000000000000001
2022-10-15,2022-23,Tottenham,Everton,Home Win,0,2.2,1.4,2.0,6.2,1.0,0.8,1.6,2.8,0.3999999999999999,1.2000000000000002,0.5999999999999999,3.4000000000000004
2022-10-16,2022-23,Aston Villa,Chelsea,Away Win,2,0.8,0.8,1.2,3.2,2.0,1.0,2.4,4.0,-1.2,-1.2,-0.19999999999999996,-0.7999999999999998
2022-10-16,2022-23,Southampton,West Ham,Draw,1,0.6,1.8,0.6,3.0,1.4,1.0,1.4,4.8,-0.7999999999999999,-0.7999999999999999,0.8,-1.7999999999999998
2022-10-16,2022-23,Leeds,Arsenal,Away Win,2,0.8,1.8,0.4,3.6,2.4,1.4,2.4,7.0,-2.0,-1.5999999999999999,0.40000000000000013,-3.4
2022-10-16,2022-23,Man United,Newcastle,Draw,1,2.0,1.6,2.4,5.2,2.2,1.0,1.6,6.2,0.7999999999999998,-0.20000000000000018,0.6000000000000001,-1.0
2022-10-16,2022-23,Liverpool,Man City,Home Win,0,3.2,1.4,1.6,7.2,4.0,0.8,2.6,7.6,-1.0,-0.7999999999999998,0.5999999999999999,-0.39999999999999947
2022-10-18,2022-23,Brighton,Nott'm Forest,Draw,1,1.8,2.0,0.8,6.4,1.0,2.4,0.2,2.8,0.6000000000000001,0.8,-0.3999999999999999,3.6000000000000005
2022-10-18,2022-23,Crystal Palace,Wolves,Home Win,0,0.8,0.8,1.2,4.4,0.4,1.6,1.2,2.2,0.0,0.4,-0.8,2.2
2022-10-19,2022-23,Bournemouth,Southampton,Away Win,2,1.6,1.2,1.8,3.4,0.4,1.8,0.2,3.2,1.6,1.2000000000000002,-0.6000000000000001,0.19999999999999973
2022-10-19,2022-23,Brentford,Chelsea,Draw,1,1.6,2.0,1.4,4.0,2.0,0.8,2.4,4.2,-1.0,-0.3999999999999999,1.2,-0.20000000000000018
2022-10-19,2022-23,Liverpool,West Ham,Home Win,0,1.6,1.4,1.6,5.2,1.4,1.0,1.4,4.8,0.20000000000000018,0.20000000000000018,0.3999999999999999,0.40000000000000036
2022-10-19,2022-23,Newcastle,Everton,Home Win,0,2.0,0.6,1.8,6.2,0.8,1.0,1.4,2.4,0.40000000000000013,1.2,-0.4,3.8000000000000003
2022-10-19,2022-23,Man United,Tottenham,Home Win,0,1.8,1.6,2.0,4.4,2.4,1.2,2.4,6.8,-0.3999999999999999,-0.5999999999999999,0.40000000000000013,-2.3999999999999995
2022-10-20,2022-23,Fulham,Aston Villa,Home Win,0,1.6,2.6,0.8,3.4,0.6,0.8,1.2,4.0,-0.3999999999999999,1.0,1.8,-0.6000000000000001
2022-10-20,2022-23,Leicester,Leeds,Home Win,0,1.8,2.6,0.8,5.6,0.8,1.8,0.4,4.0,0.4,1.0,0.8,1.5999999999999996
2022-10-22,2022-23,Nott'm Forest,Liverpool,Home Win,0,0.6,1.8,0.4,2.2,1.4,1.2,1.6,5.4,-1.2000000000000002,-0.7999999999999999,0.6000000000000001,-3.2
2022-10-22,2022-23,Everton,Crystal Palace,Home Win,0,0.8,1.2,1.2,1.8,1.0,0.8,1.6,4.4,-0.40000000000000013,-0.19999999999999996,0.3999999999999999,-2.6000000000000005
2022-10-22,2022-23,Man City,Brighton,Home Win,0,2.8,1.0,2.0,7.0,1.6,1.6,1.0,7.0,1.0,1.1999999999999997,-0.6000000000000001,0.0
2022-10-22,2022-23,Chelsea,Man United,Draw,1,1.8,0.4,2.6,4.4,2.0,1.6,2.0,6.0,0.6000000000000001,-0.19999999999999996,-1.2000000000000002,-1.5999999999999996
2022-10-23,2022-23,Aston Villa,Brentford,Home Win,0,0.4,1.2,1.0,5.0,0.6,1.6,1.0,3.4,0.0,-0.19999999999999996,-0.40000000000000013,1.6
2022-10-23,2022-23,Leeds,Fulham,Away Win,2,0.6,2.0,0.2,3.4,2.0,2.2,1.4,4.4,-1.2,-1.4,-0.20000000000000018,-1.0000000000000004
2022-10-23,2022-23,Southampton,Arsenal,Draw,1,0.6,1.6,0.8,3.6,2.2,1.2,2.4,6.0,-1.5999999999999999,-1.6,0.40000000000000013,-2.4
2022-10-23,2022-23,Wolves,Leicester,Away Win,2,0.4,2.0,0.6,2.6,1.8,1.6,1.4,5.0,-0.7999999999999999,-1.4,0.3999999999999999,-2.4
2022-10-23,2022-23,Tottenham,Newcastle,Away Win,2,2.0,1.4,1.8,5.2,2.2,0.6,2.2,5.8,-0.40000000000000013,-0.20000000000000018,0.7999999999999999,-0.5999999999999996
2022-10-24,2022-23,West Ham,Bournemouth,Home Win,0,1.2,0.8,1.4,4.8,1.0,1.0,1.2,3.4,0.19999999999999996,0.19999999999999996,-0.19999999999999996,1.4
2022-10-29,2022-23,Liverpool,Leeds,Away Win,2,1.4,1.4,1.4,5.2,0.6,1.6,0.2,3.2,1.2,0.7999999999999999,-0.20000000000000018,2.0
2022-10-29,2022-23,Bournemouth,Tottenham,Away Win,2,0.8,1.2,1.0,3.4,1.0,1.4,1.2,4.0,-0.19999999999999996,-0.19999999999999996,-0.19999999999999996,-0.6000000000000001
2022-10-29,2022-23,Brentford,Wolves,Draw,1,0.6,1.8,1.0,3.6,0.4,2.2,0.6,3.4,0.4,0.19999999999999996,-0.40000000000000013,0.20000000000000018
2022-10-29,2022-23,Fulham,Everton,Draw,1,2.0,2.2,1.4,4.0,1.2,1.2,1.2,2.6,0.19999999999999996,0.8,1.0000000000000002,1.4
2022-10-29,2022-23,Crystal Palace,Southampton,Home Win,0,1.0,1.4,1.4,3.0,0.8,1.6,1.0,4.0,0.3999999999999999,0.19999999999999996,-0.20000000000000018,-1.0
2022-10-29,2022-23,Newcastle,Aston Villa,Home Win,0,2.4,0.6,2.6,5.4,1.0,1.2,1.0,6.6,1.6,1.4,-0.6,-1.1999999999999993
2022-10-29,2022-23,Brighton,Chelsea,Home Win,0,0.8,1.8,0.4,5.2,1.6,0.4,2.2,4.2,-1.8000000000000003,-0.8,1.4,1.0
2022-10-29,2022-23,Leicester,Man City,Away Win,2,2.2,0.4,2.0,4.4,3.2,1.0,2.4,7.0,-0.3999999999999999,-1.0,-0.6,-2.5999999999999996
2022-10-30,2022-23,Arsenal,Nott'm Forest,Home Win,0,2.2,0.8,2.6,6.0,0.4,1.2,1.0,3.0,1.6,1.8000000000000003,-0.3999999999999999,3.0
2022-10-30,2022-23,Man United,West Ham,Home Win,0,1.6,1.6,1.6,6.0,1.6,0.6,2.0,4.8,-0.3999999999999999,0.0,1.0,1.2000000000000002
2022-11-05,2022-23,Leeds,Bournemouth,Home Win,0,1.0,1.8,0.6,4.2,1.2,1.8,0.8,4.0,-0.20000000000000007,-0.19999999999999996,0.0,0.20000000000000018
2022-11-05,2022-23,Man City,Fulham,Home Win,0,2.8,1.0,2.4,6.6,1.8,1.4,1.6,5.0,0.7999999999999998,0.9999999999999998,-0.3999999999999999,1.5999999999999996
2022-11-05,2022-23,Nott'm Forest,Brentford,Draw,1,0.4,1.4,1.0,2.8,0.8,2.0,1.0,3.4,0.0,-0.4,-0.6000000000000001,-0.6000000000000001
2022-11-05,2022-23,Wolves,Brighton,Away Win,2,0.6,2.0,0.8,3.4,1.0,1.4,0.8,5.8,0.0,-0.4,0.6000000000000001,-2.4
2022-11-05,2022-23,Everton,Leicester,Away Win,2,0.8,1.0,0.8,2.4,1.4,0.6,1.4,4.0,-0.5999999999999999,-0.5999999999999999,0.4,-1.6
2022-11-06,2022-23,Chelsea,Arsenal,Away Win,2,1.4,1.0,1.6,5.0,2.6,0.8,2.6,6.6,-1.0,-1.2000000000000002,0.19999999999999996,-1.5999999999999996
2022-11-06,2022-23,Aston Villa,Man United,Home Win,0,1.0,2.0,0.8,5.2,1.2,0.4,2.2,5.0,-1.4000000000000001,-0.19999999999999996,1.6,0.20000000000000018
2022-11-06,2022-23,Southampton,Newcastle,Away Win,2,0.6,1.4,1.0,3.6,2.4,0.4,2.6,4.8,-1.6,-1.7999999999999998,0.9999999999999999,-1.1999999999999997
2022-11-06,2022-23,West Ham,Crystal Palace,Away Win,2,1.2,0.8,1.4,4.8,1.0,1.0,2.0,3.0,-0.6000000000000001,0.19999999999999996,-0.19999999999999996,1.7999999999999998
2022-11-06,2022-23,Tottenham,Liverpool,Away Win,2,1.4,1.2,1.8,4.8,1.0,1.2,1.2,5.8,0.6000000000000001,0.3999999999999999,0.0,-1.0
2022-11-12,2022-23,Man City,Brentford,Away Win,2,2.0,0.6,2.4,5.6,1.0,1.4,1.2,3.2,1.2,1.0,-0.7999999999999999,2.3999999999999995
2022-11-12,2022-23,Bournemouth,Everton,Home Win,0,1.4,2.4,0.2,4.4,0.6,1.0,0.8,2.4,-0.6000000000000001,0.7999999999999999,1.4,2.0000000000000004
2022-11-12,2022-23,Liverpool,Southampton,Home Win,0,1.0,0.8,1.8,6.4,0.8,1.4,1.0,4.6,0.8,0.19999999999999996,-0.5999999999999999,1.8000000000000007
2022-11-12,2022-23,Nott'm Forest,Crystal Palace,Home Win,0,0.6,1.6,1.0,3.6,1.0,1.0,2.0,3.2,-1.0,-0.4,0.6000000000000001,0.3999999999999999
2022-11-12,2022-23,Tottenham,Leeds,Home Win,0,1.4,1.6,1.2,5.2,1.6,2.0,1.2,4.2,0.0,-0.20000000000000018,-0.3999999999999999,1.0
2022-11-12,2022-23,West Ham,Leicester,Away Win,2,0.8,1.0,0.8,3.6,1.6,0.2,2.0,4.6,-1.2,-0.8,0.8,-0.9999999999999996
2022-11-12,2022-23,Newcastle,Chelsea,Home Win,0,2.2,0.4,2.6,4.4,0.8,1.2,1.0,3.8,1.6,1.4000000000000001,-0.7999999999999999,0.6000000000000005
2022-11-12,2022-23,Wolves,Arsenal,Away Win,2,1.0,2.0,0.8,4.0,2.2,0.6,2.6,5.2,-1.8,-1.2000000000000002,1.4,-1.2000000000000002
2022-11-13,2022-23,Brighton,Aston Villa,Away Win,2,1.6,1.6,1.4,6.6,1.4,2.0,1.2,5.6,0.19999999999999996,0.20000000000000018,-0.3999999999999999,1.0
2022-11-13,2022-23,Fulham,Man United,Away Win,2,1.8,1.2,1.6,5.0,1.0,0.8,1.6,4.8,0.0,0.8,0.3999999999999999,0.20000000000000018
2022-12-26,2022-23,Brentford,Tottenham,Draw,1,1.0,1.6,1.2,4.2,1.8,2.2,1.2,5.4,0.0,-0.8,-0.6000000000000001,-1.2000000000000002
2022-12-26,2022-23,Crystal Palace,Fulham,Away Win,2,1.0,1.2,1.8,3.0,1.6,1.2,1.4,5.6,0.40000000000000013,-0.6000000000000001,0.0,-2.5999999999999996
2022-12-26,2022-23,Everton,Wolves,Away Win,2,0.6,1.2,0.8,3.0,0.8,2.4,0.2,4.0,0.6000000000000001,-0.20000000000000007,-1.2,-1.0
2022-12-26,2022-23,Leicester,Newcastle,Away Win,2,2.0,0.2,2.4,4.8,2.4,0.4,3.0,4.6,-0.6000000000000001,-0.3999999999999999,-0.2,0.20000000000000018
2022-12-26,2022-23,Southampton,Brighton,Away Win,2,0.8,1.8,0.8,4.0,1.8,1.6,1.4,5.6,-0.5999999999999999,-1.0,0.19999999999999996,-1.5999999999999996
2022-12-26,2022-23,Aston Villa,Liverpool,Away Win,2,1.8,1.8,1.8,4.6,1.4,1.0,1.8,7.4,0.0,0.40000000000000013,0.8,-2.8000000000000007
2022-12-26,2022-23,Arsenal,West Ham,Home Win,0,2.0,0.2,2.6,4.6,0.6,1.2,0.6,4.0,2.0,1.4,-1.0,0.5999999999999996
2022-12-27,2022-23,Chelsea,Bournemouth,Home Win,0,0.4,1.4,0.4,3.4,1.6,2.0,0.6,5.0,-0.19999999999999996,-1.2000000000000002,-0.6000000000000001,-1.6
2022-12-27,2022-23,Man United,Nott'm Forest,Home Win,0,1.4,1.0,2.0,6.2,0.8,1.4,1.6,3.6,0.3999999999999999,0.5999999999999999,-0.3999999999999999,2.6
2022-12-28,2022-23,Leeds,Man City,Away Win,2,2.2,2.6,1.2,4.4,1.4,1.0,1.8,5.2,-0.6000000000000001,0.8000000000000003,1.6,-0.7999999999999998
2022-12-30,2022-23,West Ham,Brentford,Away Win,2,0.8,1.6,0.6,4.2,1.4,2.0,1.2,4.2,-0.6,-0.5999999999999999,-0.3999999999999999,0.0
2022-12-30,2022-23,Liverpool,Leicester,Home Win,0,1.8,1.2,1.8,7.8,1.6,0.8,1.8,5.0,0.0,0.19999999999999996,0.3999999999999999,2.8
2022-12-31,2022-23,Wolves,Man United,Away Win,2,1.0,2.2,0.8,4.0,1.6,1.0,2.0,5.8,-1.2,-0.6000000000000001,1.2000000000000002,-1.7999999999999998
2022-12-31,2022-23,Bournemouth,Crystal Palace,Away Win,2,1.6,2.2,0.6,5.2,0.6,1.6,1.2,2.2,-0.6,1.0,0.6000000000000001,3.0
2022-12-31,2022-23,Fulham,Southampton,Home Win,0,1.6,1.2,1.4,6.2,0.8,2.4,0.2,4.2,1.2,0.8,-1.2,2.0
2022-12-31,2022-23,Man City,Everton,Draw,1,2.0,1.0,2.4,5.8,0.8,1.4,0.8,4.2,1.5999999999999999,1.2,-0.3999999999999999,1.5999999999999996
2022-12-31,2022-23,Newcastle,Leeds,Draw,1,2.8,0.4,3.0,4.8,2.4,2.8,1.2,4.2,1.8,0.3999999999999999,-2.4,0.5999999999999996
2022-12-31,2022-23,Brighton,Arsenal,Away Win,2,2.4,1.8,1.8,5.0,2.4,0.4,2.6,4.8,-0.8,0.0,1.4,0.20000000000000018
2023-01-01,2022-23,Tottenham,Aston Villa,Away Win,2,2.2,2.2,1.4,6.6,2.0,1.8,1.8,4.6,-0.40000000000000013,0.20000000000000018,0.40000000000000013,2.0
2023-01-01,2022-23,Nott'm Forest,Chelsea,Draw,1,0.8,2.0,1.4,4.2,0.8,1.4,0.8,3.4,0.5999999999999999,0.0,0.6000000000000001,0.8000000000000003
2023-01-02,2022-23,Brentford,Liverpool,Home Win,0,1.8,1.2,1.8,4.8,2.2,1.2,2.4,7.4,-0.5999999999999999,-0.40000000000000013,0.0,-2.6000000000000005
2023-01-03,2022-23,Everton,Brighton,Away Win,2,0.4,1.6,0.4,3.2,2.6,2.0,1.8,5.6,-1.4,-2.2,-0.3999999999999999,-2.3999999999999995
2023-01-03,2022-23,Arsenal,Newcastle,Draw,1,3.0,0.6,3.0,5.6,2.4,0.2,2.6,4.8,0.3999999999999999,0.6000000000000001,0.39999999999999997,0.7999999999999998
2023-01-03,2022-23,Man United,Bournemouth,Home Win,0,1.6,0.8,2.4,5.8,1.6,2.2,0.6,5.0,1.7999999999999998,0.0,-1.4000000000000001,0.7999999999999998
2023-01-03,2022-23,Leicester,Fulham,Away Win,2,1.0,1.2,1.2,4.6,1.4,1.0,1.4,5.6,-0.19999999999999996,-0.3999999999999999,0.19999999999999996,-1.0
2023-01-04,2022-23,Southampton,Nott'm Forest,Away Win,2,0.8,2.6,0.0,4.2,0.8,2.2,1.0,3.8,-1.0,0.0,0.3999999999999999,0.40000000000000036
2023-01-04,2022-23,Leeds,West Ham,Draw,1,2.0,2.2,1.4,3.4,0.4,2.0,0.0,4.4,1.4,1.6,0.20000000000000018,-1.0000000000000004
2023-01-04,2022-23,Aston Villa,Wolves,Draw,1,1.6,1.8,1.8,3.2,1.0,1.6,0.8,3.6,1.0,0.6000000000000001,0.19999999999999996,-0.3999999999999999
2023-01-04,2022-23,Crystal Palace,Tottenham,Away Win,2,1.0,1.0,1.8,3.0,2.0,2.2,1.4,6.0,0.40000000000000013,-1.0,-1.2000000000000002,-3.0
2023-01-05,2022-23,Chelsea,Man City,Away Win,2,0.8,1.4,0.8,3.4,1.6,1.0,2.0,5.6,-1.2,-0.8,0.3999999999999999,-2.1999999999999997
2023-01-12,2022-23,Fulham,Chelsea,Home Win,0,1.6,1.0,1.8,4.8,0.6,0.8,0.8,2.4,1.0,1.0,0.19999999999999996,2.4
2023-01-13,2022-23,Aston Villa,Leeds,Home Win,0,1.8,1.2,2.0,4.0,2.0,2.4,1.0,3.4,1.0,-0.19999999999999996,-1.2,0.6000000000000001
2023-01-14,2022-23,Man United,Man City,Home Win,0,2.0,0.8,2.4,6.4,1.6,1.0,2.0,5.2,0.3999999999999999,0.3999999999999999,-0.19999999999999996,1.2000000000000002
2023-01-14,2022-23,Brighton,Liverpool,Home Win,0,2.6,2.0,1.8,5.4,2.2,1.4,2.4,6.6,-0.5999999999999999,0.3999999999999999,0.6000000000000001,-1.1999999999999993
2023-01-14,2022-23,Everton,Southampton,Away Win,2,0.6,2.4,0.2,3.2,0.8,2.6,0.0,3.4,0.2,-0.20000000000000007,-0.20000000000000018,-0.19999999999999973
2023-01-14,2022-23,Nott'm Forest,Leicester,Home Win,0,1.0,1.2,1.6,3.6,1.0,1.2,1.2,4.8,0.40000000000000013,0.0,0.0,-1.1999999999999997
2023-01-14,2022-23,Wolves,West Ham,Home Win,0,1.0,1.6,0.8,3.4,0.8,2.2,0.2,3.8,0.6000000000000001,0.19999999999999996,-0.6000000000000001,-0.3999999999999999
2023-01-14,2022-23,Brentford,Bournemouth,Home Win,0,2.2,1.2,2.2,5.6,1.2,2.2,0.6,5.0,1.6,1.0000000000000002,-1.0000000000000002,0.5999999999999996
2023-01-15,2022-23,Chelsea,Crystal Palace,Home Win,0,0.8,1.0,0.8,4.2,0.8,1.8,1.2,3.2,-0.3999999999999999,0.0,-0.8,1.0
2023-01-15,2022-23,Newcastle,Fulham,Home Win,0,1.6,0.2,2.2,3.6,1.8,0.8,2.4,5.0,-0.19999999999999973,-0.19999999999999996,-0.6000000000000001,-1.4
2023-01-15,2022-23,Tottenham,Arsenal,Away Win,2,2.2,1.8,1.4,5.8,2.0,0.6,2.6,4.4,-1.2000000000000002,0.20000000000000018,1.2000000000000002,1.3999999999999995
2023-01-18,2022-23,Crystal Palace,Man United,Draw,1,0.4,1.8,0.6,3.0,2.2,0.4,3.0,6.6,-2.4,-1.8000000000000003,1.4,-3.5999999999999996
2023-01-19,2022-23,Man City,Tottenham,Home Win,0,1.4,1.2,1.4,4.4,2.0,1.8,1.4,6.2,0.0,-0.6000000000000001,-0.6000000000000001,-1.7999999999999998
2023-01-21,2022-23,Liverpool,Chelsea,Draw,1,1.8,1.8,1.8,5.8,1.0,0.8,1.4,4.8,0.40000000000000013,0.8,1.0,1.0
2023-01-21,2022-23,Bournemouth,Nott'm Forest,Draw,1,0.6,1.8,0.6,4.2,1.0,0.8,2.0,3.2,-1.4,-0.4,1.0,1.0
2023-01-21,2022-23,Leicester,Brighton,Draw,1,0.6,1.6,0.6,3.4,2.6,1.6,1.8,5.6,-1.2000000000000002,-2.0,0.0,-2.1999999999999997
2023-01-21,2022-23,Southampton,Aston Villa,Away Win,2,1.0,2.0,0.6,3.4,1.6,1.2,2.0,4.2,-1.4,-0.6000000000000001,0.8,-0.8000000000000003
2023-01-21,2022-23,West Ham,Everton,Home Win,0,0.6,2.0,0.2,4.2,0.8,2.4,0.2,3.6,0.0,-0.20000000000000007,-0.3999999999999999,0.6000000000000001
2023-01-21,2022-23,Crystal Palace,Newcastle,Draw,1,0.6,1.8,0.8,4.0,1.0,0.0,2.2,3.8,-1.4000000000000001,-0.4,1.8,0.20000000000000018
2023-01-22,2022-23,Leeds,Brentford,Draw,1,1.4,2.2,0.4,3.4,2.2,0.8,2.6,6.0,-2.2,-0.8000000000000003,1.4000000000000001,-2.6
2023-01-22,2022-23,Man City,Wolves,Home Win,0,2.0,1.2,2.0,4.4,0.8,1.0,1.4,3.2,0.6000000000000001,1.2,0.19999999999999996,1.2000000000000002
2023-01-22,2022-23,Arsenal,Man United,Home Win,0,2.2,0.6,2.6,5.0,2.0,0.4,2.6,5.6,0.0,0.20000000000000018,0.19999999999999996,-0.5999999999999996
2023-01-23,2022-23,Fulham,Tottenham,Away Win,2,1.6,0.6,2.4,3.6,1.6,2.0,0.8,5.2,1.5999999999999999,0.0,-1.4,-1.6
2023-02-03,2022-23,Chelsea,Fulham,Draw,1,0.6,0.8,1.0,4.2,1.0,0.8,1.8,2.4,-0.8,-0.4,0.0,1.8000000000000003
2023-02-04,2022-23,Everton,Arsenal,Home Win,0,0.8,2.2,0.2,3.4,2.4,1.0,2.6,5.2,-2.4,-1.5999999999999999,1.2000000000000002,-1.8000000000000003
2023-02-04,2022-23,Aston Villa,Leicester,Away Win,2,1.4,1.0,2.0,4.8,0.6,2.0,0.2,2.6,1.8,0.7999999999999999,-1.0,2.1999999999999997
2023-02-04,2022-23,Brentford,Southampton,Home Win,0,1.8,0.6,2.2,4.4,0.8,1.6,0.6,3.4,1.6,1.0,-1.0,1.0000000000000004
2023-02-04,2022-23,Brighton,Bournemouth,Home Win,0,2.8,1.6,2.0,6.0,0.2,2.0,0.2,3.2,1.8,2.5999999999999996,-0.3999999999999999,2.8
2023-02-04,2022-23,Man United,Crystal Palace,Home Win,0,1.8,1.0,2.0,4.8,0.6,1.2,1.0,4.2,1.0,1.2000000000000002,-0.19999999999999996,0.5999999999999996
2023-02-04,2022-23,Wolves,Liverpool,Home Win,0,0.8,1.2,1.4,3.0,1.2,1.6,1.4,5.0,0.0,-0.3999999999999999,-0.40000000000000013,-2.0
2023-02-04,2022-23,Newcastle,West Ham,Draw,1,0.8,0.0,1.8,4.6,1.0,1.6,0.8,3.8,1.0,-0.19999999999999996,-1.6,0.7999999999999998
2023-02-05,2022-23,Nott'm Forest,Leeds,Home Win,0,1.0,1.0,1.6,3.8,0.8,1.4,0.6,3.4,1.0,0.19999999999999996,-0.3999999999999999,0.3999999999999999
2023-02-05,2022-23,Tottenham,Man City,Home Win,0,1.4,1.6,1.2,4.2,2.0,1.0,2.0,4.0,-0.8,-0.6000000000000001,0.6000000000000001,0.20000000000000018
2023-02-08,2022-23,Man United,Leeds,Draw,1,2.0,1.2,2.0,4.6,0.6,1.0,0.6,4.0,1.4,1.4,0.19999999999999996,0.5999999999999996
2023-02-11,2022-23,Arsenal,Brentford,Draw,1,1.8,1.0,2.0,4.8,2.0,0.2,2.6,4.2,-0.6000000000000001,-0.19999999999999996,0.8,0.5999999999999996
2023-02-11,2022-23,West Ham,Chelsea,Draw,1,1.0,1.2,1.0,3.2,0.4,0.6,1.0,4.4,0.0,0.6,0.6,-1.2000000000000002
2023-02-11,2022-23,Crystal Palace,Brighton,Draw,1,0.4,1.6,0.4,3.6,2.4,1.4,2.0,6.4,-1.6,-2.0,0.20000000000000018,-2.8000000000000003
2023-02-11,2022-23,Fulham,Nott'm Forest,Home Win,0,0.6,0.6,1.4,2.8,1.2,0.4,2.2,3.6,-0.8000000000000003,-0.6,0.19999999999999996,-0.8000000000000003
2023-02-11,2022-23,Leicester,Tottenham,Home Win,0,1.4,1.8,0.8,3.2,1.6,1.2,1.8,4.4,-1.0,-0.20000000000000018,0.6000000000000001,-1.2000000000000002
2023-02-11,2022-23,Bournemouth,Newcastle,Draw,1,0.2,1.8,0.2,2.8,0.4,0.2,1.4,4.0,-1.2,-0.2,1.6,-1.2000000000000002
2023-02-11,2022-23,Southampton,Wolves,Away Win,2,0.6,1.6,0.6,3.8,1.0,1.0,1.4,3.4,-0.7999999999999999,-0.4,0.6000000000000001,0.3999999999999999
2023-02-12,2022-23,Leeds,Man United,Away Win,2,1.0,1.4,0.6,4.2,1.8,1.6,1.6,4.8,-1.0,-0.8,-0.20000000000000018,-0.5999999999999996
2023-02-12,2022-23,Man City,Aston Villa,Home Win,0,1.8,1.0,1.8,4.4,1.6,1.2,2.0,4.4,-0.19999999999999996,0.19999999999999996,-0.19999999999999996,0.0
2023-02-13,2022-23,Liverpool,Everton,Home Win,0,0.6,2.0,0.8,4.0,0.8,1.8,0.8,3.0,0.0,-0.20000000000000007,0.19999999999999996,1.0
2023-02-15,2022-23,Arsenal,Man City,Away Win,2,1.2,0.8,1.6,4.8,2.2,1.2,1.8,5.6,-0.19999999999999996,-1.0000000000000002,-0.3999999999999999,-0.7999999999999998
2023-02-18,2022-23,Aston Villa,Arsenal,Away Win,2,1.4,1.8,1.4,4.0,1.4,1.4,1.4,4.2,0.0,0.0,0.40000000000000013,-0.20000000000000018
2023-02-18,2022-23,Brentford,Crystal Palace,Draw,1,1.8,0.4,2.2,3.4,0.6,1.0,0.6,3.0,1.6,1.2000000000000002,-0.6,0.3999999999999999
2023-02-18,2022-23,Brighton,Fulham,Away Win,2,2.2,0.8,2.2,6.8,0.8,0.6,1.4,3.0,0.8000000000000003,1.4000000000000001,0.20000000000000007,3.8
2023-02-18,2022-23,Chelsea,Southampton,Away Win,2,0.6,0.6,1.2,4.8,0.6,1.6,0.6,3.6,0.6,0.0,-1.0,1.1999999999999997
2023-02-18,2022-23,Everton,Leeds,Home Win,0,0.6,2.0,0.6,3.0,0.6,1.4,0.4,4.2,0.19999999999999996,0.0,0.6000000000000001,-1.2000000000000002
2023-02-18,2022-23,Nott'm Forest,Man City,Draw,1,1.0,0.6,2.0,2.8,2.6,1.0,2.4,6.6,-0.3999999999999999,-1.6,-0.4,-3.8
2023-02-18,2022-23,Wolves,Bournemouth,Away Win,2,1.4,1.0,2.0,3.2,0.4,1.6,0.4,3.4,1.6,0.9999999999999999,-0.6000000000000001,-0.19999999999999973
2023-02-18,2022-23,Newcastle,Liverpool,Away Win,2,0.6,0.4,1.4,4.4,0.6,1.8,0.8,4.2,0.5999999999999999,0.0,-1.4,0.20000000000000018
2023-02-19,2022-23,Man United,Leicester,Home Win,0,1.8,1.4,1.6,5.0,2.0,1.6,1.4,4.2,0.20000000000000018,-0.19999999999999996,-0.20000000000000018,0.7999999999999998
2023-02-19,2022-23,Tottenham,West Ham,Home Win,0,1.0,2.0,1.2,4.0,1.2,1.0,1.2,2.6,0.0,-0.19999999999999996,1.0,1.4
2023-02-24,2022-23,Fulham,Wolves,Draw,1,0.6,0.4,1.4,2.8,1.2,1.0,1.8,3.4,-0.40000000000000013,-0.6,-0.6,-0.6000000000000001
2023-02-25,2022-23,Leeds,Southampton,Home Win,0,0.4,1.2,0.4,3.4,0.8,1.4,1.2,4.6,-0.7999999999999999,-0.4,-0.19999999999999996,-1.1999999999999997
2023-02-25,2022-23,Everton,Aston Villa,Away Win,2,0.6,1.2,1.2,3.4,1.6,2.4,1.2,4.2,0.0,-1.0,-1.2,-0.8000000000000003
2023-02-25,2022-23,Leicester,Arsenal,Away Win,2,2.0,2.0,1.4,3.6,1.8,1.8,1.4,4.2,0.0,0.19999999999999996,0.19999999999999996,-0.6000000000000001
2023-02-25,2022-23,West Ham,Nott'm Forest,Home Win,0,0.8,1.0,1.0,2.4,1.0,0.8,1.6,2.8,-0.6000000000000001,-0.19999999999999996,0.19999999999999996,-0.3999999999999999
2023-02-25,2022-23,Crystal Palace,Liverpool,Draw,1,0.8,1.0,0.8,2.8,0.8,1.2,1.4,4.4,-0.5999999999999999,0.0,-0.19999999999999996,-1.6000000000000005
2023-02-25,2022-23,Bournemouth,Man City,Away Win,2,0.6,1.0,1.0,2.8,2.0,0.8,2.0,6.6,-1.0,-1.4,0.19999999999999996,-3.8
2023-02-26,2022-23,Tottenham,Chelsea,Home Win,0,1.4,1.6,1.8,3.8,0.4,0.4,1.2,3.8,0.6000000000000001,0.9999999999999999,1.2000000000000002,0.0
2023-03-01,2022-23,Arsenal,Everton,Home Win,0,1.4,1.4,1.4,3.6,0.4,1.2,1.2,3.6,0.19999999999999996,0.9999999999999999,0.19999999999999996,0.0
2023-03-01,2022-23,Liverpool,Wolves,Home Win,0,0.8,0.6,1.6,4.8,1.2,1.2,1.4,3.0,0.20000000000000018,-0.3999999999999999,-0.6,1.7999999999999998
2023-03-04,2022-23,Man City,Newcastle,Home Win,0,2.2,1.0,2.0,6.2,0.6,0.8,1.2,5.0,0.8,1.6,0.19999999999999996,1.2000000000000002
2023-03-04,2022-23,Brighton,West Ham,Home Win,0,1.4,0.8,1.6,6.6,1.6,0.8,1.6,2.6,0.0,-0.20000000000000018,0.0,3.9999999999999996
2023-03-04,2022-23,Arsenal,Bournemouth,Home Win,0,2.2,1.2,2.0,4.0,0.8,1.4,1.0,2.8,1.0,1.4000000000000001,-0.19999999999999996,1.2000000000000002
2023-03-04,2022-23,Chelsea,Leeds,Home Win,0,0.2,0.8,0.6,3.2,0.6,1.2,0.8,3.2,-0.20000000000000007,-0.39999999999999997,-0.3999999999999999,0.0
2023-03-04,2022-23,Southampton,Leicester,Home Win,0,0.4,1.4,0.6,4.0,2.0,1.8,1.4,3.4,-0.7999999999999999,-1.6,-0.40000000000000013,0.6000000000000001
2023-03-04,2022-23,Wolves,Tottenham,Home Win,0,1.2,1.0,1.4,3.0,1.4,0.8,2.4,3.8,-1.0,-0.19999999999999996,0.19999999999999996,-0.7999999999999998
2023-03-04,2022-23,Aston Villa,Crystal Palace,Home Win,0,1.6,2.2,1.2,4.2,0.6,0.8,0.8,1.8,0.3999999999999999,1.0,1.4000000000000001,2.4000000000000004
2023-03-05,2022-23,Nott'm Forest,Everton,Draw,1,0.6,1.6,1.0,2.4,0.4,1.6,1.2,4.2,-0.19999999999999996,0.19999999999999996,0.0,-1.8000000000000003
2023-03-05,2022-23,Liverpool,Man United,Home Win,0,1.2,0.6,2.0,5.4,2.2,1.2,2.0,5.8,0.0,-1.0000000000000002,-0.6,-0.39999999999999947
2023-03-06,2022-23,Brentford,Fulham,Home Win,0,1.4,0.4,1.8,3.0,0.8,0.4,1.6,3.8,0.19999999999999996,0.5999999999999999,0.0,-0.7999999999999998
2023-03-11,2022-23,Bournemouth,Liverpool,Home Win,0,1.0,1.8,0.8,2.8,2.6,0.0,2.6,6.2,-1.8,-1.6,1.8,-3.4000000000000004
2023-03-11,2022-23,Everton,Brentford,Home Win,0,0.6,2.0,0.8,4.0,1.6,0.8,1.8,3.4,-1.0,-1.0,1.2,0.6000000000000001
2023-03-11,2022-23,Leeds,Brighton,Draw,1,0.6,1.2,0.8,2.8,1.6,0.8,1.6,6.6,-0.8,-1.0,0.3999999999999999,-3.8
2023-03-11,2022-23,Leicester,Chelsea,Away Win,2,1.6,1.6,1.2,3.0,0.4,0.8,1.0,3.4,0.19999999999999996,1.2000000000000002,0.8,-0.3999999999999999
2023-03-11,2022-23,Tottenham,Nott'm Forest,Home Win,0,1.2,1.0,1.8,4.4,0.8,1.8,1.0,2.2,0.8,0.3999999999999999,-0.8,2.2
2023-03-11,2022-23,Crystal Palace,Man City,Away Win,2,0.6,1.0,0.6,1.6,2.6,0.8,2.6,5.8,-2.0,-2.0,0.19999999999999996,-4.199999999999999
2023-03-12,2022-23,Newcastle,Wolves,Home Win,0,0.4,1.2,0.6,4.4,0.8,1.0,1.4,2.8,-0.7999999999999999,-0.4,0.19999999999999996,1.6000000000000005
2023-03-12,2022-23,West Ham,Aston Villa,Draw,1,1.2,1.6,1.0,2.2,1.6,2.2,1.2,3.4,-0.19999999999999996,-0.40000000000000013,-0.6000000000000001,-1.1999999999999997
2023-03-12,2022-23,Man United,Southampton,Draw,1,1.8,2.0,2.0,5.8,0.6,1.2,1.2,4.0,0.8,1.2000000000000002,0.8,1.7999999999999998
2023-03-12,2022-23,Fulham,Arsenal,Away Win,2,1.2,0.8,1.6,3.8,2.6,1.4,2.4,4.4,-0.7999999999999998,-1.4000000000000001,-0.5999999999999999,-0.6000000000000005
2023-03-15,2022-23,Brighton,Crystal Palace,Home Win,0,1.6,0.8,1.6,6.2,0.4,0.8,0.6,1.0,1.0,1.2000000000000002,0.0,5.2
2023-03-15,2022-23,Southampton,Brentford,Away Win,2,0.6,0.6,1.4,3.6,1.6,1.0,1.6,4.2,-0.20000000000000018,-1.0,-0.4,-0.6000000000000001
2023-03-17,2022-23,Nott'm Forest,Newcastle,Away Win,2,0.8,2.4,0.4,2.8,0.8,1.4,1.0,4.6,-0.6,0.0,1.0,-1.7999999999999998
2023-03-18,2022-23,Wolves,Leeds,Away Win,2,0.6,1.2,0.8,3.2,0.6,1.2,0.8,3.2,0.0,0.0,0.0,0.0
2023-03-18,2022-23,Chelsea,Everton,Draw,1,1.0,1.0,1.4,4.0,0.8,1.6,1.4,5.0,0.0,0.19999999999999996,-0.6000000000000001,-1.0
2023-03-18,2022-23,Aston Villa,Bournemouth,Home Win,0,1.4,1.6,1.4,3.4,1.2,1.6,1.4,2.8,0.0,0.19999999999999996,0.0,0.6000000000000001
2023-03-18,2022-23,Brentford,Leicester,Draw,1,1.4,1.0,1.6,4.4,1.0,1.8,0.6,3.4,1.0,0.3999999999999999,-0.8,1.0000000000000004
2023-03-18,2022-23,Southampton,Tottenham,Draw,1,0.4,0.6,1.4,3.4,1.6,1.2,1.8,5.2,-0.40000000000000013,-1.2000000000000002,-0.6,-1.8000000000000003
2023-03-19,2022-23,Arsenal,Crystal Palace,Home Win,0,3.0,0.8,3.0,5.6,0.2,0.8,0.4,1.4,2.6,2.8,0.0,4.199999999999999
2023-04-01,2022-23,Man City,Liverpool,Home Win,0,2.2,0.6,2.6,4.8,2.2,0.2,2.0,6.2,0.6000000000000001,0.0,0.39999999999999997,-1.4000000000000004
2023-04-01,2022-23,Brighton,Brentford,Draw,1,1.6,0.8,1.6,6.0,1.4,1.0,1.6,4.4,0.0,0.20000000000000018,-0.19999999999999996,1.5999999999999996
2023-04-01,2022-23,Arsenal,Leeds,Home Win,0,3.0,0.6,3.0,5.6,1.4,1.2,1.4,2.8,1.6,1.6,-0.6,2.8
2023-04-01,2022-23,Crystal Palace,Leicester,Home Win,0,0.2,1.4,0.2,1.4,0.4,1.8,0.2,2.2,0.0,-0.2,-0.40000000000000013,-0.8000000000000003
2023-04-01,2022-23,Chelsea,Aston Villa,Away Win,2,1.2,1.2,1.4,4.6,1.8,1.0,2.0,4.8,-0.6000000000000001,-0.6000000000000001,0.19999999999999996,-0.20000000000000018
2023-04-01,2022-23,Nott'm Forest,Wolves,Draw,1,1.0,2.4,0.4,3.2,1.0,1.8,0.8,4.0,-0.4,0.0,0.5999999999999999,-0.7999999999999998
2023-04-01,2022-23,Bournemouth,Fulham,Home Win,0,1.0,2.0,1.2,2.4,1.2,1.4,1.4,3.4,-0.19999999999999996,-0.19999999999999996,0.6000000000000001,-1.0
2023-04-02,2022-23,West Ham,Southampton,Home Win,0,1.2,1.6,1.0,3.2,0.8,1.2,1.0,3.8,0.0,0.3999999999999999,0.40000000000000013,-0.5999999999999996
2023-04-02,2022-23,Newcastle,Man United,Home Win,0,1.0,1.4,1.4,5.0,1.4,1.8,1.6,5.6,-0.20000000000000018,-0.3999999999999999,-0.40000000000000013,-0.5999999999999996
2023-04-03,2022-23,Everton,Tottenham,Draw,1,1.0,2.0,1.0,4.4,2.0,1.0,2.0,5.0,-1.0,-1.0,1.0,-0.5999999999999996
2023-04-04,2022-23,Bournemouth,Brighton,Away Win,2,1.2,2.2,1.2,3.6,2.0,1.2,1.6,7.6,-0.40000000000000013,-0.8,1.0000000000000002,-3.9999999999999996
2023-04-04,2022-23,Leeds,Nott'm Forest,Home Win,0,1.6,1.8,1.4,3.8,1.0,2.4,0.4,4.4,0.9999999999999999,0.6000000000000001,-0.5999999999999999,-0.6000000000000005
2023-04-04,2022-23,Leicester,Aston Villa,Away Win,2,0.6,1.6,0.2,2.0,1.8,0.2,2.6,4.2,-2.4,-1.2000000000000002,1.4000000000000001,-2.2
2023-04-04,2022-23,Chelsea,Liverpool,Draw,1,1.2,1.4,1.4,5.2,2.0,1.0,1.4,5.0,0.0,-0.8,0.3999999999999999,0.20000000000000018
2023-04-05,2022-23,Man United,Brentford,Home Win,0,1.0,1.8,1.4,4.4,1.8,1.4,1.6,4.4,-0.20000000000000018,-0.8,0.40000000000000013,0.0
2023-04-05,2022-23,West Ham,Newcastle,Away Win,2,1.2,1.4,1.4,3.2,1.2,1.2,1.8,4.8,-0.40000000000000013,0.0,0.19999999999999996,-1.5999999999999996
2023-04-08,2022-23,Fulham,West Ham,Away Win,2,1.0,1.8,0.8,3.2,1.4,2.0,1.4,3.4,-0.5999999999999999,-0.3999999999999999,-0.19999999999999996,-0.19999999999999973
2023-04-08,2022-23,Aston Villa,Nott'm Forest,Home Win,0,1.8,0.4,2.6,4.2,1.2,2.0,0.4,4.0,2.2,0.6000000000000001,-1.6,0.20000000000000018
2023-04-08,2022-23,Brentford,Newcastle,Away Win,2,1.2,1.2,1.0,3.4,2.2,1.0,2.4,5.6,-1.4,-1.0000000000000002,0.19999999999999996,-2.1999999999999997
2023-04-08,2022-23,Man United,Everton,Home Win,0,0.8,1.8,1.4,4.0,1.2,1.8,1.2,4.6,0.19999999999999996,-0.3999999999999999,0.0,-0.5999999999999996
2023-04-08,2022-23,Southampton,Man City,Away Win,2,0.8,1.2,1.0,4.0,2.4,0.6,2.6,5.2,-1.6,-1.5999999999999999,0.6,-1.2000000000000002
2023-04-08,2022-23,Tottenham,Brighton,Home Win,0,1.8,1.2,1.6,4.2,2.4,1.0,2.2,7.4,-0.6000000000000001,-0.5999999999999999,0.19999999999999996,-3.2
2023-04-08,2022-23,Wolves,Chelsea,Home Win,0,1.0,1.8,0.8,3.8,1.2,1.0,1.6,5.4,-0.8,-0.19999999999999996,0.8,-1.6000000000000005
2023-04-08,2022-23,Leicester,Bournemouth,Away Win,2,0.8,1.8,0.2,2.8,1.0,1.8,1.2,3.8,-1.0,-0.19999999999999996,0.0,-1.0
2023-04-09,2022-23,Leeds,Crystal Palace,Away Win,2,1.8,2.0,1.4,4.2,0.6,1.6,0.6,3.2,0.7999999999999999,1.2000000000000002,0.3999999999999999,1.0
2023-04-09,2022-23,Liverpool,Arsenal,Draw,1,2.0,1.0,1.4,5.0,3.6,0.8,3.0,6.4,-1.6,-1.6,0.19999999999999996,-1.4000000000000004
2023-04-15,2022-23,Everton,Fulham,Away Win,2,1.2,1.4,1.2,3.8,0.8,2.0,0.2,3.4,1.0,0.3999999999999999,-0.6000000000000001,0.3999999999999999
2023-04-15,2022-23,Aston Villa,Newcastle,Home Win,0,2.0,0.4,2.6,4.6,2.6,0.8,3.0,6.0,-0.3999999999999999,-0.6000000000000001,-0.4,-1.4000000000000004
2023-04-15,2022-23,Tottenham,Bournemouth,Away Win,2,1.8,1.4,1.6,4.2,0.8,1.2,1.8,4.4,-0.19999999999999996,1.0,0.19999999999999996,-0.20000000000000018
2023-04-15,2022-23,Chelsea,Brighton,Away Win,2,1.0,1.2,1.0,5.0,1.8,1.4,1.6,6.4,-0.6000000000000001,-0.8,-0.19999999999999996,-1.4000000000000004
2023-04-15,2022-23,Wolves,Brentford,Home Win,0,1.2,1.4,1.4,4.4,1.4,1.4,1.0,3.8,0.3999999999999999,-0.19999999999999996,0.0,0.6000000000000005
2023-04-15,2022-23,Man City,Leicester,Home Win,0,3.0,0.6,3.0,5.6,0.8,1.8,0.2,3.6,2.8,2.2,-1.2000000000000002,1.9999999999999996
2023-04-15,2022-23,Southampton,Crystal Palace,Away Win,2,0.8,2.0,0.4,3.2,1.6,1.6,1.2,4.8,-0.7999999999999999,-0.8,0.3999999999999999,-1.5999999999999996
2023-04-16,2022-23,West Ham,Arsenal,Draw,1,0.8,2.0,1.4,3.4,3.2,1.2,2.6,6.4,-1.2000000000000002,-2.4000000000000004,0.8,-3.0000000000000004
2023-04-16,2022-23,Nott'm Forest,Man United,Away Win,2,0.8,2.0,0.2,3.6,0.6,1.8,1.4,4.6,-1.2,0.20000000000000007,0.19999999999999996,-0.9999999999999996
2023-04-17,2022-23,Leeds,Liverpool,Away Win,2,2.0,2.8,1.4,5.2,2.0,1.4,1.0,5.0,0.3999999999999999,0.0,1.4,0.20000000000000018
2023-04-21,2022-23,Arsenal,Southampton,Draw,1,3.0,1.2,2.2,5.6,0.8,2.4,0.2,3.2,2.0,2.2,-1.2,2.3999999999999995
2023-04-22,2022-23,Fulham,Leeds,Home Win,0,1.2,2.0,0.6,3.8,1.8,3.6,1.2,5.0,-0.6,-0.6000000000000001,-1.6,-1.2000000000000002
2023-04-22,2022-23,Brentford,Aston Villa,Draw,1,1.0,1.8,0.4,3.4,2.4,0.2,3.0,5.0,-2.6,-1.4,1.6,-1.6
2023-04-22,2022-23,Crystal Palace,Everton,Draw,1,2.0,1.4,1.8,5.2,1.0,1.6,1.0,4.6,0.8,1.0,-0.20000000000000018,0.6000000000000005
2023-04-22,2022-23,Leicester,Wolves,Home Win,0,0.8,1.8,0.2,3.0,1.4,1.4,1.4,5.2,-1.2,-0.5999999999999999,0.40000000000000013,-2.2
2023-04-22,2022-23,Liverpool,Nott'm Forest,Home Win,0,1.8,1.6,1.0,4.8,0.6,1.8,0.2,2.6,0.8,1.2000000000000002,-0.19999999999999996,2.1999999999999997
2023-04-23,2022-23,Bournemouth,West Ham,Away Win,2,1.2,1.6,1.8,5.2,1.2,1.6,1.6,3.6,0.19999999999999996,0.0,0.0,1.6
2023-04-23,2022-23,Newcastle,Tottenham,Home Win,0,2.2,1.2,2.4,4.8,2.2,1.8,1.6,4.6,0.7999999999999998,0.0,-0.6000000000000001,0.20000000000000018
2023-04-25,2022-23,Wolves,Crystal Palace,Home Win,0,1.4,1.4,1.4,5.0,2.0,1.2,2.0,5.0,-0.6000000000000001,-0.6000000000000001,0.19999999999999996,0.0
2023-04-25,2022-23,Aston Villa,Fulham,Home Win,0,2.0,0.4,2.6,3.6,1.2,1.6,1.2,3.8,1.4000000000000001,0.8,-1.2000000000000002,-0.19999999999999973
2023-04-25,2022-23,Leeds,Leicester,Draw,1,1.2,3.6,0.6,4.6,1.0,1.8,0.6,4.4,0.0,0.19999999999999996,1.8,0.1999999999999993
2023-04-26,2022-23,Nott'm Forest,Brighton,Home Win,0,0.8,2.0,0.2,3.0,1.8,1.2,2.0,8.0,-1.8,-1.0,0.8,-5.0
2023-04-26,2022-23,Chelsea,Brentford,Away Win,2,0.6,1.4,0.4,4.2,1.0,1.8,0.4,4.0,0.0,-0.4,-0.40000000000000013,0.20000000000000018
2023-04-26,2022-23,West Ham,Liverpool,Away Win,2,1.8,1.4,2.0,4.4,2.4,1.8,1.6,4.8,0.3999999999999999,-0.5999999999999999,-0.40000000000000013,-0.39999999999999947
2023-04-26,2022-23,Man City,Arsenal,Home Win,0,2.8,0.6,3.0,5.4,3.0,1.8,1.8,5.4,1.2,-0.20000000000000018,-1.2000000000000002,0.0
2023-04-27,2022-23,Everton,Newcastle,Away Win,2,0.8,1.6,0.6,4.4,3.0,1.2,2.4,5.6,-1.7999999999999998,-2.2,0.40000000000000013,-1.1999999999999993
2023-04-27,2022-23,Southampton,Bournemouth,Away Win,2,1.4,2.6,0.4,4.2,1.2,1.8,1.8,5.6,-1.4,0.19999999999999996,0.8,-1.3999999999999995
2023-04-27,2022-23,Tottenham,Man United,Draw,1,1.8,2.8,1.0,3.8,1.0,0.4,2.0,5.4,-1.0,0.8,2.4,-1.6000000000000005
2023-04-29,2022-23,Brighton,Wolves,Home Win,0,1.8,1.8,1.4,8.4,1.4,0.6,2.0,4.0,-0.6000000000000001,0.40000000000000013,1.2000000000000002,4.4
2023-04-29,2022-23,Crystal Palace,West Ham,Home Win,0,1.8,0.8,2.0,5.0,1.8,1.8,1.4,4.4,0.6000000000000001,0.0,-1.0,0.5999999999999996
2023-04-29,2022-23,Brentford,Nott'm Forest,Home Win,0,0.8,1.2,0.8,3.2,1.2,2.0,0.6,2.6,0.20000000000000007,-0.3999999999999999,-0.8,0.6000000000000001
2023-04-30,2022-23,Bournemouth,Leeds,Home Win,0,1.0,1.6,1.8,4.6,1.2,3.0,0.8,4.2,1.0,-0.19999999999999996,-1.4,0.39999999999999947
2023-04-30,2022-23,Fulham,Man City,Away Win,2,1.2,1.2,1.2,3.4,3.2,0.8,3.0,6.6,-1.8,-2.0,0.3999999999999999,-3.1999999999999997
2023-04-30,2022-23,Man United,Aston Villa,Home Win,0,1.4,0.8,2.0,6.2,1.8,0.4,2.6,3.8,-0.6000000000000001,-0.40000000000000013,0.4,2.4000000000000004
2023-04-30,2022-23,Newcastle,Southampton,Home Win,0,3.4,1.4,2.4,6.0,0.8,2.2,0.2,3.2,2.1999999999999997,2.5999999999999996,-0.8000000000000003,2.8
2023-04-30,2022-23,Liverpool,Tottenham,Home Win,0,2.6,1.2,2.2,5.4,1.6,2.6,1.0,4.6,1.2000000000000002,1.0,-1.4000000000000001,0.8000000000000007
2023-05-01,2022-23,Leicester,Everton,Draw,1,1.0,1.6,0.8,4.6,0.6,2.0,0.4,4.8,0.4,0.4,-0.3999999999999999,-0.20000000000000018
2023-05-02,2022-23,Arsenal,Chelsea,Home Win,0,2.4,2.4,1.2,4.8,0.2,1.4,0.2,3.6,1.0,2.1999999999999997,1.0,1.1999999999999997
2023-05-03,2022-23,Liverpool,Fulham,Home Win,0,3.4,1.8,2.6,5.4,1.2,1.2,1.2,3.2,1.4000000000000001,2.2,0.6000000000000001,2.2
2023-05-03,2022-23,Man City,West Ham,Home Win,0,3.4,1.0,3.0,7.6,2.2,1.6,1.4,4.8,1.6,1.1999999999999997,-0.6000000000000001,2.8
2023-05-04,2022-23,Brighton,Man United,Home Win,0,2.4,1.2,1.8,7.0,1.6,0.4,2.6,7.2,-0.8,0.7999999999999998,0.7999999999999999,-0.20000000000000018
2023-05-06,2022-23,Bournemouth,Chelsea,Away Win,2,1.8,1.4,2.4,5.4,0.4,1.6,0.2,2.8,2.1999999999999997,1.4,-0.20000000000000018,2.6000000000000005
2023-05-06,2022-23,Man City,Leeds,Home Win,0,3.2,0.8,3.0,7.4,1.0,3.6,0.2,4.2,2.8,2.2,-2.8,3.2
2023-05-06,2022-23,Tottenham,Crystal Palace,Home Win,0,2.0,3.2,0.8,5.6,2.2,1.2,2.0,4.4,-1.2,-0.20000000000000018,2.0,1.1999999999999993
2023-05-06,2022-23,Wolves,Aston Villa,Home Win,0,1.2,1.6,1.8,4.2,1.4,0.4,2.0,3.0,-0.19999999999999996,-0.19999999999999996,1.2000000000000002,1.2000000000000002
2023-05-06,2022-23,Liverpool,Brentford,Home Win,0,3.2,1.4,3.0,4.8,1.2,1.2,1.4,4.6,1.6,2.0,0.19999999999999996,0.20000000000000018
2023-05-07,2022-23,Newcastle,Arsenal,Away Win,2,3.0,1.4,2.4,5.4,2.2,2.4,1.2,5.6,1.2,0.7999999999999998,-1.0,-0.1999999999999993
2023-05-07,2022-23,West Ham,Man United,Home Win,0,2.0,2.2,0.8,4.2,1.4,0.6,2.0,7.6,-1.2,0.6000000000000001,1.6,-3.3999999999999995
2023-05-08,2022-23,Nott'm Forest,Southampton,Home Win,0,1.2,2.0,0.6,3.0,1.0,2.6,0.2,3.2,0.39999999999999997,0.19999999999999996,-0.6000000000000001,-0.20000000000000018
2023-05-08,2022-23,Fulham,Leicester,Home Win,0,1.2,1.2,1.2,3.2,1.2,1.6,1.0,5.0,0.19999999999999996,0.0,-0.40000000000000013,-1.7999999999999998
2023-05-08,2022-23,Brighton,Everton,Away Win,2,2.2,1.2,1.8,7.0,0.8,2.2,0.4,5.2,1.4,1.4000000000000001,-1.0000000000000002,1.7999999999999998
2023-05-13,2022-23,Leeds,Newcastle,Draw,1,1.0,3.0,0.2,3.2,2.6,1.6,1.8,5.6,-1.6,-1.6,1.4,-2.3999999999999995
2023-05-13,2022-23,Aston Villa,Tottenham,Home Win,0,1.0,0.6,1.4,3.0,1.8,3.0,0.8,5.6,0.5999999999999999,-0.8,-2.4,-2.5999999999999996
2023-05-13,2022-23,Chelsea,Nott'm Forest,Draw,1,1.0,1.8,0.6,3.2,2.0,2.2,1.2,3.4,-0.6,-1.0,-0.40000000000000013,-0.19999999999999973
2023-05-13,2022-23,Crystal Palace,Bournemouth,Home Win,0,1.2,1.2,1.4,3.2,1.8,2.0,1.8,4.8,-0.40000000000000013,-0.6000000000000001,-0.8,-1.5999999999999996
2023-05-13,2022-23,Man United,Wolves,Home Win,0,1.0,0.8,1.4,6.2,1.2,1.6,1.8,3.8,-0.40000000000000013,-0.19999999999999996,-0.8,2.4000000000000004
2023-05-13,2022-23,Southampton,Fulham,Away Win,2,1.4,2.6,0.2,4.0,1.6,1.6,1.2,3.2,-1.0,-0.20000000000000018,1.0,0.7999999999999998
2023-05-14,2022-23,Brentford,West Ham,Home Win,0,1.0,1.0,1.4,3.6,1.8,1.8,1.2,4.4,0.19999999999999996,-0.8,-0.8,-0.8000000000000003
2023-05-14,2022-23,Everton,Man City,Away Win,2,1.8,2.0,1.0,6.0,2.8,0.8,3.0,7.0,-2.0,-0.9999999999999998,1.2,-1.0
2023-05-14,2022-23,Arsenal,Brighton,Away Win,2,2.2,2.0,1.6,5.8,2.2,1.8,1.8,7.2,-0.19999999999999996,0.0,0.19999999999999996,-1.4000000000000004
2023-05-15,2022-23,Leicester,Liverpool,Away Win,2,1.8,2.4,1.0,6.0,2.2,1.2,3.0,4.4,-2.0,-0.40000000000000013,1.2,1.5999999999999996
2023-05-18,2022-23,Newcastle,Brighton,Home Win,0,3.0,1.4,2.0,6.2,2.4,1.6,1.8,6.4,0.19999999999999996,0.6000000000000001,-0.20000000000000018,-0.20000000000000018
2023-05-20,2022-23,Fulham,Crystal Palace,Draw,1,1.6,1.4,1.2,3.0,1.2,1.2,1.4,3.8,-0.19999999999999996,0.40000000000000013,0.19999999999999996,-0.7999999999999998
2023-05-20,2022-23,Bournemouth,Man United,Away Win,2,1.2,2.0,1.2,3.6,1.0,0.8,1.4,6.4,-0.19999999999999996,0.19999999999999996,1.2,-2.8000000000000003
2023-05-20,2022-23,Tottenham,Brentford,Away Win,2,1.6,2.8,0.8,4.4,1.4,0.6,2.0,5.0,-1.2,0.20000000000000018,2.1999999999999997,-0.5999999999999996
2023-05-20,2022-23,Liverpool,Aston Villa,Draw,1,2.2,0.8,3.0,4.2,0.8,0.8,1.4,2.6,1.6,1.4000000000000001,0.0,1.6
2023-05-20,2022-23,Nott'm Forest,Arsenal,Home Win,0,2.4,2.2,1.4,3.8,1.8,2.2,1.4,5.2,0.0,0.5999999999999999,0.0,-1.4000000000000004
2023-05-20,2022-23,Wolves,Everton,Draw,1,0.8,2.0,1.2,2.0,1.6,2.0,1.0,5.2,0.19999999999999996,-0.8,0.0,-3.2
2023-05-21,2022-23,West Ham,Leeds,Home Win,0,1.0,2.2,0.6,3.2,1.2,2.2,0.4,3.4,0.19999999999999996,-0.19999999999999996,0.0,-0.19999999999999973
2023-05-21,2022-23,Brighton,Southampton,Home Win,0,2.4,1.8,1.8,5.4,1.4,2.6,0.2,3.4,1.6,1.0,-0.8,2.0000000000000004
2023-05-21,2022-23,Man City,Chelsea,Home Win,0,2.8,0.6,3.0,7.0,1.4,2.0,0.8,4.2,2.2,1.4,-1.4,2.8
2023-05-22,2022-23,Newcastle,Leicester,Draw,1,2.6,1.4,2.0,6.4,1.6,2.4,1.0,6.0,1.0,1.0,-1.0,0.40000000000000036
2023-05-24,2022-23,Brighton,Man City,Draw,1,1.8,2.0,1.8,5.4,2.2,0.4,3.0,5.6,-1.2,-0.40000000000000013,1.6,-0.1999999999999993
2023-05-25,2022-23,Man United,Chelsea,Home Win,0,0.8,0.4,1.8,5.8,1.2,1.8,0.8,5.0,1.0,-0.3999999999999999,-1.4,0.7999999999999998
2023-05-28,2022-23,Crystal Palace,Nott'm Forest,Draw,1,1.6,1.6,1.4,4.4,2.2,1.6,2.0,3.2,-0.6000000000000001,-0.6000000000000001,0.0,1.2000000000000002
2023-05-28,2022-23,Arsenal,Wolves,Home Win,0,1.2,1.8,1.2,4.6,0.8,1.8,1.4,2.4,-0.19999999999999996,0.3999999999999999,0.0,2.1999999999999997
2023-05-28,2022-23,Aston Villa,Brighton,Home Win,0,0.8,0.8,1.4,2.8,1.8,2.2,1.4,5.6,0.0,-1.0,-1.4000000000000001,-2.8
2023-05-28,2022-23,Chelsea,Newcastle,Draw,1,1.4,2.2,0.8,5.2,1.8,1.2,1.6,5.6,-0.8,-0.40000000000000013,1.0000000000000002,-0.39999999999999947
2023-05-28,2022-23,Brentford,Man City,Home Win,0,1.8,0.6,2.4,4.8,2.0,0.4,2.6,4.6,-0.20000000000000018,-0.19999999999999996,0.19999999999999996,0.20000000000000018
2023-05-28,2022-23,Everton,Bournemouth,Home Win,0,1.8,2.2,1.0,5.0,1.2,1.4,1.2,3.4,-0.19999999999999996,0.6000000000000001,0.8000000000000003,1.6
2023-05-28,2022-23,Leicester,West Ham,Home Win,0,1.2,2.2,0.6,4.6,1.4,2.0,1.2,4.6,-0.6,-0.19999999999999996,0.20000000000000018,0.0
2023-05-28,2022-23,Man United,Fulham,Home Win,0,1.4,0.6,1.8,6.4,2.0,1.6,1.4,3.8,0.40000000000000013,-0.6000000000000001,-1.0,2.6000000000000005
2023-05-28,2022-23,Southampton,Liverpool,Draw,1,1.0,2.6,0.0,2.4,2.0,0.8,2.6,4.4,-2.6,-1.0,1.8,-2.0000000000000004
2023-05-28,2022-23,Leeds,Tottenham,Away Win,2,1.2,2.4,0.4,3.6,1.6,2.2,0.8,5.4,-0.4,-0.40000000000000013,0.19999999999999973,-1.8000000000000003
2023-08-11,2023-24,Burnley,Man City,Away Win,2,1.0,1.6,0.8,4.6,1.4,0.6,2.0,3.8,-1.2,-0.3999999999999999,1.0,0.7999999999999998
2023-08-12,2023-24,Bournemouth,West Ham,Draw,1,1.0,1.6,0.6,3.4,1.0,1.6,1.2,4.4,-0.6,0.0,0.0,-1.0000000000000004
2023-08-12,2023-24,Arsenal,Nott'm Forest,Home Win,0,2.0,1.0,1.8,5.8,1.8,1.6,1.6,3.0,0.19999999999999996,0.19999999999999996,-0.6000000000000001,2.8
2023-08-12,2023-24,Everton,Fulham,Away Win,2,1.8,1.4,1.6,5.2,2.0,1.6,1.4,4.2,0.20000000000000018,-0.19999999999999996,-0.20000000000000018,1.0
2023-08-12,2023-24,Newcastle,Aston Villa,Home Win,0,1.4,1.2,1.2,5.4,1.0,1.0,1.4,3.2,-0.19999999999999996,0.3999999999999999,0.19999999999999996,2.2
2023-08-13,2023-24,Brentford,Tottenham,Draw,1,1.6,0.6,2.4,5.4,2.0,2.0,1.2,5.4,1.2,-0.3999999999999999,-1.4,0.0
2023-08-13,2023-24,Chelsea,Liverpool,Draw,1,1.4,1.8,1.0,5.4,2.0,1.0,2.2,5.2,-1.2000000000000002,-0.6000000000000001,0.8,0.20000000000000018
2023-08-14,2023-24,Man United,Wolves,Home Win,0,1.8,0.6,2.4,7.0,0.4,2.8,0.8,1.8,1.5999999999999999,1.4,-2.1999999999999997,5.2
2023-08-19,2023-24,Fulham,Brentford,Away Win,2,2.2,1.4,2.0,4.0,1.6,0.8,2.0,5.0,0.0,0.6000000000000001,0.5999999999999999,-1.0
2023-08-19,2023-24,Wolves,Brighton,Away Win,2,0.4,1.8,0.8,2.6,2.0,1.8,1.4,6.6,-0.5999999999999999,-1.6,0.0,-3.9999999999999996
2023-08-19,2023-24,Tottenham,Man United,Home Win,0,1.8,1.6,1.4,5.2,2.0,0.4,3.0,6.8,-1.6,-0.19999999999999996,1.2000000000000002,-1.5999999999999996
2023-08-19,2023-24,Liverpool,Bournemouth,Home Win,0,2.0,1.2,1.8,4.8,0.4,1.6,0.2,3.0,1.6,1.6,-0.40000000000000013,1.7999999999999998
2023-08-19,2023-24,Man City,Newcastle,Home Win,0,1.6,0.4,2.0,4.2,2.4,1.0,1.8,7.0,0.19999999999999996,-0.7999999999999998,-0.6,-2.8
2023-08-20,2023-24,Aston Villa,Everton,Home Win,0,1.2,1.8,1.4,4.2,1.4,1.2,1.4,5.4,0.0,-0.19999999999999996,0.6000000000000001,-1.2000000000000002
2023-08-20,2023-24,West Ham,Chelsea,Home Win,0,1.2,1.2,1.4,4.6,1.0,1.8,0.6,5.2,0.7999999999999999,0.19999999999999996,-0.6000000000000001,-0.6000000000000005
2023-08-21,2023-24,Crystal Palace,Arsenal,Away Win,2,1.2,0.8,1.6,4.8,1.8,1.0,1.8,5.2,-0.19999999999999996,-0.6000000000000001,-0.19999999999999996,-0.40000000000000036
2023-08-26,2023-24,Bournemouth,Tottenham,Away Win,2,0.4,1.6,0.2,3.2,2.0,1.6,1.4,5.8,-1.2,-1.6,0.0,-2.5999999999999996
2023-08-26,2023-24,Arsenal,Fulham,Draw,1,1.6,1.0,1.8,4.6,1.2,1.4,1.4,3.0,0.40000000000000013,0.40000000000000013,-0.3999999999999999,1.5999999999999996
2023-08-26,2023-24,Brentford,Crystal Palace,Draw,1,2.2,0.6,2.6,6.4,1.2,0.8,1.6,4.8,1.0,1.0000000000000002,-0.20000000000000007,1.6000000000000005
2023-08-26,2023-24,Everton,Wolves,Away Win,2,0.4,1.8,0.8,4.8,0.4,2.6,0.2,3.2,0.6000000000000001,0.0,-0.8,1.5999999999999996
2023-08-26,2023-24,Man United,Nott'm Forest,Home Win,0,1.6,0.8,2.4,6.2,1.4,1.2,1.6,2.8,0.7999999999999998,0.20000000000000018,-0.3999999999999999,3.4000000000000004
2023-08-26,2023-24,Brighton,West Ham,Away Win,2,2.6,1.2,2.0,7.8,1.6,1.4,1.4,5.0,0.6000000000000001,1.0,-0.19999999999999996,2.8
2023-08-27,2023-24,Burnley,Aston Villa,Away Win,2,0.6,2.0,0.2,3.6,2.0,1.6,2.0,5.0,-1.8,-1.4,0.3999999999999999,-1.4
2023-08-27,2023-24,Newcastle,Liverpool,Away Win,2,2.0,0.8,1.6,6.2,2.4,1.4,1.8,5.8,-0.19999999999999996,-0.3999999999999999,-0.5999999999999999,0.40000000000000036
2023-09-02,2023-24,Sheffield United,Everton,Draw,1,0.6666666666666666,1.6666666666666667,0.0,2.0,0.4,1.4,0.8,5.6,-0.8,0.2666666666666666,0.26666666666666683,-3.5999999999999996
2023-09-02,2023-24,Brentford,Bournemouth,Draw,1,2.0,0.8,2.2,4.6,0.4,1.6,0.2,3.8,2.0,1.6,-0.8,0.7999999999999998
2023-09-02,2023-24,Burnley,Tottenham,Away Win,2,0.6,2.0,0.2,2.8,2.2,1.2,2.0,6.6,-1.8,-1.6,0.8,-3.8
2023-09-02,2023-24,Chelsea,Nott'm Forest,Away Win,2,1.4,1.8,1.0,5.2,1.4,1.4,1.4,3.2,-0.3999999999999999,0.0,0.40000000000000013,2.0
2023-09-02,2023-24,Man City,Fulham,Home Win,0,1.4,0.6,2.0,5.6,1.2,1.8,1.0,2.8,1.0,0.19999999999999996,-1.2000000000000002,2.8
2023-09-02,2023-24,Brighton,Newcastle,Home Win,0,2.2,1.6,1.4,8.2,1.4,1.0,1.0,6.0,0.3999999999999999,0.8000000000000003,0.6000000000000001,2.1999999999999993
2023-09-03,2023-24,Crystal Palace,Wolves,Home Win,0,1.0,1.0,1.2,4.8,0.6,2.2,0.8,3.6,0.3999999999999999,0.4,-1.2000000000000002,1.1999999999999997
2023-09-03,2023-24,Liverpool,Aston Villa,Home Win,0,2.2,1.6,1.8,5.6,2.2,1.6,2.0,5.4,-0.19999999999999996,0.0,0.0,0.1999999999999993
2023-09-03,2023-24,Arsenal,Man United,Home Win,0,2.0,0.8,2.0,6.4,2.0,1.2,2.4,7.0,-0.3999999999999999,0.0,-0.3999999999999999,-0.5999999999999996
2023-09-16,2023-24,Man United,Brighton,Away Win,2,1.4,1.6,1.8,5.6,2.6,1.6,1.8,8.0,0.0,-1.2000000000000002,0.0,-2.4000000000000004
2023-09-16,2023-24,Wolves,Liverpool,Away Win,2,0.8,2.6,0.6,3.4,2.6,1.4,2.2,5.4,-1.6,-1.8,1.2000000000000002,-2.0000000000000004
2023-09-16,2023-24,Aston Villa,Crystal Palace,Home Win,0,2.0,2.0,1.8,5.4,1.2,1.0,1.6,6.0,0.19999999999999996,0.8,1.0,-0.5999999999999996
2023-09-16,2023-24,Tottenham,Sheffield United,Home Win,0,3.0,1.0,2.6,7.0,1.0,1.75,0.25,3.5,2.35,2.0,-0.75,3.5
2023-09-16,2023-24,West Ham,Man City,Away Win,2,2.0,1.2,2.0,3.6,2.2,0.6,2.4,5.8,-0.3999999999999999,-0.20000000000000018,0.6,-2.1999999999999997
2023-09-16,2023-24,Newcastle,Brentford,Home Win,0,1.6,1.6,0.8,5.6,1.8,1.0,1.8,5.2,-1.0,-0.19999999999999996,0.6000000000000001,0.39999999999999947
2023-09-16,2023-24,Fulham,Luton,Home Win,0,1.0,2.4,0.8,2.8,0.6666666666666666,3.0,0.0,1.6666666666666667,0.8,0.33333333333333337,-0.6000000000000001,1.133333333333333
2023-09-17,2023-24,Bournemouth,Chelsea,Draw,1,0.8,1.8,0.4,4.0,1.2,1.2,1.0,4.6,-0.6,-0.3999999999999999,0.6000000000000001,-0.5999999999999996
2023-09-17,2023-24,Everton,Arsenal,Away Win,2,0.6,1.6,0.8,6.0,2.6,0.8,2.6,6.8,-1.8,-2.0,0.8,-0.7999999999999998
2023-09-18,2023-24,Nott'm Forest,Burnley,Draw,1,1.4,1.4,1.4,3.4,1.0,2.8,0.2,3.4,1.2,0.3999999999999999,-1.4,0.0
2023-09-23,2023-24,Crystal Palace,Fulham,Draw,1,1.2,1.4,1.4,5.8,1.0,2.0,1.4,2.6,0.0,0.19999999999999996,-0.6000000000000001,3.1999999999999997
2023-09-23,2023-24,Luton,Wolves,Draw,1,0.5,2.5,0.0,1.75,1.0,2.2,0.6,3.8,-0.6,-0.5,0.2999999999999998,-2.05
2023-09-23,2023-24,Man City,Nott'm Forest,Home Win,0,2.8,0.6,3.0,8.2,1.4,1.4,1.4,3.4,1.6,1.4,-0.7999999999999999,4.799999999999999
2023-09-23,2023-24,Brentford,Everton,Away Win,2,1.6,1.2,1.2,4.8,0.4,1.8,0.2,5.0,1.0,1.2000000000000002,-0.6000000000000001,-0.20000000000000018
2023-09-23,2023-24,Burnley,Man United,Away Win,2,1.0,2.8,0.2,3.0,1.2,2.0,1.2,4.8,-1.0,-0.19999999999999996,0.7999999999999998,-1.7999999999999998
2023-09-24,2023-24,Liverpool,West Ham,Home Win,0,2.4,0.8,2.6,5.0,2.0,1.4,2.0,3.6,0.6000000000000001,0.3999999999999999,-0.5999999999999999,1.4
2023-09-24,2023-24,Arsenal,Tottenham,Draw,1,1.8,0.8,2.6,6.0,2.6,1.0,2.6,7.6,0.0,-0.8,-0.19999999999999996,-1.5999999999999996
2023-09-24,2023-24,Brighton,Bournemouth,Home Win,0,3.0,1.4,2.4,8.8,0.8,1.6,0.6,4.4,1.7999999999999998,2.2,-0.20000000000000018,4.4
2023-09-24,2023-24,Sheffield United,Newcastle,Away Win,2,1.0,1.8,0.2,3.8,1.6,1.4,1.2,5.2,-1.0,-0.6000000000000001,0.40000000000000013,-1.4000000000000004
2023-09-24,2023-24,Chelsea,Aston Villa,Away Win,2,1.0,1.0,1.0,4.8,2.2,2.0,1.8,5.4,-0.8,-1.2000000000000002,-1.0,-0.6000000000000005
2023-09-30,2023-24,Aston Villa,Brighton,Home Win,0,2.2,1.0,2.4,5.6,2.8,1.4,2.4,7.2,0.0,-0.5999999999999996,-0.3999999999999999,-1.6000000000000005
2023-09-30,2023-24,Bournemouth,Arsenal,Away Win,2,0.8,2.0,0.4,4.2,1.8,1.0,2.2,5.8,-1.8000000000000003,-1.0,1.0,-1.5999999999999996
2023-09-30,2023-24,Everton,Luton,Away Win,2,1.0,1.8,0.8,4.4,0.6,2.2,0.2,2.2,0.6000000000000001,0.4,-0.40000000000000013,2.2
2023-09-30,2023-24,Man United,Crystal Palace,Away Win,2,1.2,2.0,1.2,5.0,1.0,1.4,1.0,4.8,0.19999999999999996,0.19999999999999996,0.6000000000000001,0.20000000000000018
2023-09-30,2023-24,Newcastle,Burnley,Home Win,0,2.2,1.2,1.2,5.6,0.8,2.6,0.2,2.8,1.0,1.4000000000000001,-1.4000000000000001,2.8
2023-09-30,2023-24,West Ham,Sheffield United,Home Win,0,2.0,1.8,1.8,3.8,1.0,3.2,0.2,3.8,1.6,1.0,-1.4000000000000001,0.0
2023-09-30,2023-24,Wolves,Man City,Home Win,0,1.2,2.2,0.8,3.2,2.6,0.6,3.0,7.4,-2.2,-1.4000000000000001,1.6,-4.2
2023-09-30,2023-24,Tottenham,Liverpool,Home Win,0,2.6,1.0,2.6,7.4,2.8,0.8,3.0,6.2,-0.3999999999999999,-0.19999999999999973,0.19999999999999996,1.2000000000000002
2023-10-01,2023-24,Nott'm Forest,Brentford,Draw,1,1.2,1.4,1.4,3.6,1.4,1.4,1.0,4.0,0.3999999999999999,-0.19999999999999996,0.0,-0.3999999999999999
2023-10-02,2023-24,Fulham,Chelsea,Away Win,2,0.8,2.0,1.0,3.2,0.8,1.0,0.8,4.8,0.19999999999999996,0.0,1.0,-1.5999999999999996
2023-10-03,2023-24,Luton,Burnley,Away Win,2,0.8,1.6,0.8,2.0,0.8,2.4,0.2,3.0,0.6000000000000001,0.0,-0.7999999999999998,-1.0
2023-10-07,2023-24,Burnley,Chelsea,Away Win,2,1.0,2.0,0.8,3.4,1.0,0.4,1.4,4.8,-0.5999999999999999,0.0,1.6,-1.4
2023-10-07,2023-24,Everton,Bournemouth,Home Win,0,1.2,1.4,0.8,5.0,0.6,2.2,0.4,3.4,0.4,0.6,-0.8000000000000003,1.6
2023-10-07,2023-24,Luton,Tottenham,Away Win,2,1.0,1.4,0.8,2.4,2.6,1.2,2.6,7.8,-1.8,-1.6,0.19999999999999996,-5.4
2023-10-07,2023-24,Man United,Brentford,Home Win,0,1.2,1.8,1.2,4.6,1.0,1.6,0.6,3.4,0.6,0.19999999999999996,0.19999999999999996,1.1999999999999997
2023-10-07,2023-24,Crystal Palace,Nott'm Forest,Draw,1,1.2,1.2,1.6,4.8,1.0,1.4,1.0,3.0,0.6000000000000001,0.19999999999999996,-0.19999999999999996,1.7999999999999998
2023-10-07,2023-24,Fulham,Sheffield United,Home Win,0,0.8,1.8,1.0,3.4,0.8,3.2,0.2,3.6,0.8,0.0,-1.4000000000000001,-0.20000000000000018
2023-10-08,2023-24,Brighton,Liverpool,Draw,1,2.2,2.4,1.8,6.2,2.4,1.0,2.4,5.0,-0.5999999999999999,-0.19999999999999973,1.4,1.2000000000000002
2023-10-08,2023-24,West Ham,Newcastle,Draw,1,1.8,1.6,1.8,4.4,2.6,1.0,1.8,7.0,0.0,-0.8,0.6000000000000001,-2.5999999999999996
2023-10-08,2023-24,Wolves,Aston Villa,Draw,1,1.4,1.6,1.4,2.4,2.6,1.2,2.4,6.0,-1.0,-1.2000000000000002,0.40000000000000013,-3.6
2023-10-08,2023-24,Arsenal,Man City,Home Win,0,2.4,1.0,2.2,6.8,2.6,1.0,2.4,8.2,-0.19999999999999973,-0.20000000000000018,0.0,-1.3999999999999995
2023-10-21,2023-24,Liverpool,Everton,Home Win,0,2.4,1.2,2.0,5.0,1.8,1.2,1.4,5.2,0.6000000000000001,0.5999999999999999,0.0,-0.20000000000000018
2023-10-21,2023-24,Bournemouth,Wolves,Away Win,2,0.6,2.4,0.4,3.6,1.4,1.8,1.0,2.6,-0.6,-0.7999999999999999,0.5999999999999999,1.0
2023-10-21,2023-24,Brentford,Burnley,Home Win,0,1.0,1.8,0.4,3.8,0.8,1.8,0.8,3.2,-0.4,0.19999999999999996,0.0,0.5999999999999996
2023-10-21,2023-24,Man City,Brighton,Home Win,0,2.2,1.0,1.8,6.6,2.4,2.2,2.0,4.8,-0.19999999999999996,-0.19999999999999973,-1.2000000000000002,1.7999999999999998
2023-10-21,2023-24,Newcastle,Crystal Palace,Home Win,0,2.8,1.0,2.0,6.0,1.0,1.0,1.6,4.2,0.3999999999999999,1.7999999999999998,0.0,1.7999999999999998
2023-10-21,2023-24,Nott'm Forest,Luton,Draw,1,0.6,0.8,1.2,3.2,0.8,1.2,0.8,2.6,0.3999999999999999,-0.20000000000000007,-0.3999999999999999,0.6000000000000001
2023-10-21,2023-24,Chelsea,Arsenal,Draw,1,1.2,0.6,1.4,4.2,2.2,0.6,2.6,5.0,-1.2000000000000002,-1.0000000000000002,0.0,-0.7999999999999998
2023-10-21,2023-24,Sheffield United,Man United,Away Win,2,0.8,3.4,0.2,3.6,1.0,1.6,1.2,4.4,-1.0,-0.19999999999999996,1.7999999999999998,-0.8000000000000003
2023-10-22,2023-24,Aston Villa,West Ham,Home Win,0,2.2,1.2,2.0,5.6,1.6,1.8,1.4,4.4,0.6000000000000001,0.6000000000000001,-0.6000000000000001,1.1999999999999993
2023-10-23,2023-24,Tottenham,Fulham,Home Win,0,2.4,1.2,2.6,7.4,1.0,1.6,1.4,4.0,1.2000000000000002,1.4,-0.40000000000000013,3.4000000000000004
2023-10-27,2023-24,Crystal Palace,Tottenham,Away Win,2,0.4,1.4,1.0,2.6,1.8,0.8,2.6,6.4,-1.6,-1.4,0.5999999999999999,-3.8000000000000003
2023-10-28,2023-24,Chelsea,Brentford,Away Win,2,1.6,0.8,1.6,4.8,1.2,1.4,0.8,4.4,0.8,0.40000000000000013,-0.5999999999999999,0.39999999999999947
2023-10-28,2023-24,Arsenal,Sheffield United,Home Win,0,2.0,0.8,2.2,4.6,0.6,3.4,0.0,3.2,2.2,1.4,-2.5999999999999996,1.3999999999999995
2023-10-28,2023-24,Bournemouth,Burnley,Home Win,0,0.4,2.4,0.2,3.4,0.6,2.2,0.6,2.8,-0.39999999999999997,-0.19999999999999996,0.19999999999999973,0.6000000000000001
2023-10-28,2023-24,Wolves,Newcastle,Draw,1,1.4,1.4,1.6,3.2,3.4,0.4,2.6,7.0,-1.0,-2.0,0.9999999999999999,-3.8
2023-10-29,2023-24,West Ham,Everton,Away Win,2,1.4,2.4,0.8,4.6,1.4,1.2,1.2,4.2,-0.3999999999999999,0.0,1.2,0.39999999999999947
2023-10-29,2023-24,Aston Villa,Luton,Home Win,0,3.0,0.8,2.6,6.4,1.2,1.4,1.0,3.0,1.6,1.8,-0.5999999999999999,3.4000000000000004
2023-10-29,2023-24,Brighton,Fulham,Draw,1,2.0,2.4,1.4,4.2,0.8,1.0,1.4,3.8,0.0,1.2,1.4,0.40000000000000036
2023-10-29,2023-24,Liverpool,Nott'm Forest,Home Win,0,2.2,1.2,2.0,5.4,0.8,1.2,0.8,4.2,1.2,1.4000000000000001,0.0,1.2000000000000002
2023-10-29,2023-24,Man United,Man City,Away Win,2,1.2,1.2,1.8,5.0,1.6,1.0,1.8,6.8,0.0,-0.40000000000000013,0.19999999999999996,-1.7999999999999998
2023-11-04,2023-24,Everton,Brighton,Draw,1,1.6,1.0,1.8,4.8,1.6,2.4,1.0,4.0,0.8,0.0,-1.4,0.7999999999999998
2023-11-04,2023-24,Fulham,Man United,Away Win,2,0.8,1.2,1.0,4.4,1.0,1.2,1.8,4.8,-0.8,-0.19999999999999996,0.0,-0.39999999999999947
2023-11-04,2023-24,Brentford,West Ham,Home Win,0,1.6,1.2,1.4,5.0,1.2,2.0,0.8,4.4,0.5999999999999999,0.40000000000000013,-0.8,0.5999999999999996
2023-11-04,2023-24,Man City,Bournemouth,Home Win,0,1.6,0.8,1.8,5.8,0.8,2.6,0.6,3.8,1.2000000000000002,0.8,-1.8,2.0
2023-11-04,2023-24,Sheffield United,Wolves,Home Win,0,0.4,4.0,0.0,2.2,1.6,1.2,1.8,4.0,-1.8,-1.2000000000000002,2.8,-1.7999999999999998
2023-11-04,2023-24,Newcastle,Arsenal,Home Win,0,3.6,0.8,2.2,7.6,2.8,0.8,2.2,5.4,0.0,0.8000000000000003,0.0,2.1999999999999993
2023-11-04,2023-24,Burnley,Crystal Palace,Away Win,2,0.8,2.4,0.6,2.6,0.4,1.2,1.0,2.6,-0.4,0.4,1.2,0.0
2023-11-05,2023-24,Nott'm Forest,Aston Villa,Home Win,0,0.6,1.6,0.6,3.6,3.0,0.8,2.6,6.6,-2.0,-2.4,0.8,-2.9999999999999996
2023-11-05,2023-24,Luton,Liverpool,Draw,1,1.2,1.8,0.8,2.4,2.2,1.0,2.0,5.8,-1.2,-1.0000000000000002,0.8,-3.4
2023-11-06,2023-24,Tottenham,Chelsea,Away Win,2,1.8,0.8,2.6,4.6,1.6,1.2,1.4,4.0,1.2000000000000002,0.19999999999999996,-0.3999999999999999,0.5999999999999996
2023-11-11,2023-24,Wolves,Tottenham,Home Win,0,1.6,1.4,1.6,4.0,1.6,1.2,2.4,4.6,-0.7999999999999998,0.0,0.19999999999999996,-0.5999999999999996
2023-11-11,2023-24,Arsenal,Burnley,Home Win,0,2.4,0.6,2.0,4.4,0.8,2.4,0.6,3.2,1.4,1.5999999999999999,-1.7999999999999998,1.2000000000000002
2023-11-11,2023-24,Crystal Palace,Everton,Away Win,2,0.8,1.2,1.4,2.6,1.2,1.0,1.4,4.4,0.0,-0.3999999999999999,0.19999999999999996,-1.8000000000000003
2023-11-11,2023-24,Man United,Luton,Home Win,0,1.0,1.2,1.8,5.0,1.0,1.8,0.4,3.0,1.4,0.0,-0.6000000000000001,2.0
2023-11-11,2023-24,Bournemouth,Newcastle,Home Win,0,0.8,3.2,0.6,3.2,2.2,0.8,2.2,5.0,-1.6,-1.4000000000000001,2.4000000000000004,-1.7999999999999998
2023-11-12,2023-24,Brighton,Sheffield United,Draw,1,1.2,2.4,0.6,3.6,0.8,2.6,0.6,2.4,0.0,0.3999999999999999,-0.20000000000000018,1.2000000000000002
2023-11-12,2023-24,Aston Villa,Fulham,Home Win,0,2.8,1.2,2.0,5.8,0.8,1.4,0.8,4.0,1.2,1.9999999999999998,-0.19999999999999996,1.7999999999999998
2023-11-12,2023-24,Liverpool,Brentford,Home Win,0,1.8,1.0,1.6,5.6,2.0,1.0,2.0,5.4,-0.3999999999999999,-0.19999999999999996,0.0,0.1999999999999993
2023-11-12,2023-24,Chelsea,Man City,Draw,1,2.4,1.2,2.0,4.8,2.4,1.0,1.8,6.6,0.19999999999999996,0.0,0.19999999999999996,-1.7999999999999998
2023-11-12,2023-24,West Ham,Nott'm Forest,Home Win,0,1.4,2.0,0.8,4.0,1.0,1.2,1.2,3.6,-0.3999999999999999,0.3999999999999999,0.8,0.3999999999999999
2023-11-25,2023-24,Man City,Liverpool,Draw,1,3.0,1.4,2.0,7.0,2.2,0.6,2.2,6.8,-0.20000000000000018,0.7999999999999998,0.7999999999999999,0.20000000000000018
2023-11-25,2023-24,Burnley,West Ham,Away Win,2,0.6,2.8,0.0,3.4,1.6,2.4,0.8,3.4,-0.8,-1.0,0.3999999999999999,0.0
2023-11-25,2023-24,Luton,Crystal Palace,Home Win,0,0.8,1.6,0.4,3.2,1.0,1.8,0.8,3.0,-0.4,-0.19999999999999996,-0.19999999999999996,0.20000000000000018
2023-11-25,2023-24,Newcastle,Chelsea,Home Win,0,1.8,1.2,1.6,4.4,2.8,2.0,1.6,5.8,0.0,-0.9999999999999998,-0.8,-1.3999999999999995
2023-11-25,2023-24,Nott'm Forest,Brighton,Away Win,2,1.2,1.6,1.0,4.4,1.2,1.4,0.8,4.2,0.19999999999999996,0.0,0.20000000000000018,0.20000000000000018
2023-11-25,2023-24,Sheffield United,Bournemouth,Away Win,2,1.0,2.4,0.8,2.2,1.2,2.4,1.2,5.0,-0.3999999999999999,-0.19999999999999996,0.0,-2.8
2023-11-25,2023-24,Brentford,Arsenal,Away Win,2,1.8,1.4,1.8,5.0,2.2,0.8,2.0,4.0,-0.19999999999999996,-0.40000000000000013,0.5999999999999999,1.0
2023-11-26,2023-24,Tottenham,Aston Villa,Away Win,2,1.4,1.4,1.8,3.4,2.2,1.2,2.0,5.2,-0.19999999999999996,-0.8000000000000003,0.19999999999999996,-1.8000000000000003
2023-11-26,2023-24,Everton,Man United,Away Win,2,1.6,1.0,2.0,4.2,1.2,1.0,2.4,5.0,-0.3999999999999999,0.40000000000000013,0.0,-0.7999999999999998
2023-11-27,2023-24,Fulham,Wolves,Home Win,0,1.0,1.6,0.8,4.4,1.6,1.4,1.6,4.6,-0.8,-0.6000000000000001,0.20000000000000018,-0.1999999999999993
2023-12-02,2023-24,Burnley,Sheffield United,Home Win,0,0.6,2.4,0.0,3.8,1.0,2.4,0.8,2.2,-0.8,-0.4,0.0,1.5999999999999996
2023-12-02,2023-24,Brentford,Luton,Home Win,0,1.6,1.2,1.8,5.0,1.2,1.6,1.0,3.4,0.8,0.40000000000000013,-0.40000000000000013,1.6
2023-12-02,2023-24,Newcastle,Man United,Home Win,0,2.2,1.0,2.0,4.8,1.4,0.8,2.4,4.2,-0.3999999999999999,0.8000000000000003,0.19999999999999996,0.5999999999999996
2023-12-02,2023-24,Nott'm Forest,Everton,Away Win,2,1.6,2.2,0.8,4.4,1.0,1.6,1.4,3.8,-0.5999999999999999,0.6000000000000001,0.6000000000000001,0.6000000000000005
2023-12-02,2023-24,Arsenal,Wolves,Home Win,0,2.2,0.8,2.0,4.4,1.8,1.8,1.4,5.2,0.6000000000000001,0.40000000000000013,-1.0,-0.7999999999999998
2023-12-03,2023-24,Bournemouth,Aston Villa,Draw,1,1.8,2.0,1.8,6.4,2.4,1.2,2.4,5.4,-0.5999999999999999,-0.5999999999999999,0.8,1.0
2023-12-03,2023-24,Chelsea,Brighton,Home Win,0,2.2,2.6,1.0,5.6,1.4,1.4,1.2,4.6,-0.19999999999999996,0.8000000000000003,1.2000000000000002,1.0
2023-12-03,2023-24,Liverpool,Fulham,Home Win,0,2.0,0.4,2.2,6.6,1.0,1.8,0.8,4.4,1.4000000000000001,1.0,-1.4,2.1999999999999993
2023-12-03,2023-24,West Ham,Crystal Palace,Draw,1,1.6,2.2,1.2,3.4,1.2,2.2,0.6,4.2,0.6,0.40000000000000013,0.0,-0.8000000000000003
2023-12-03,2023-24,Man City,Tottenham,Draw,1,3.2,1.4,2.2,7.8,1.4,1.8,1.2,4.2,1.0000000000000002,1.8000000000000003,-0.40000000000000013,3.5999999999999996
2023-12-05,2023-24,Wolves,Burnley,Home Win,0,1.6,2.0,0.8,4.4,1.6,1.8,0.6,5.0,0.20000000000000007,0.0,0.19999999999999996,-0.5999999999999996
2023-12-05,2023-24,Luton,Arsenal,Away Win,2,1.0,1.8,0.8,2.8,2.2,0.6,2.4,5.0,-1.5999999999999999,-1.2000000000000002,1.2000000000000002,-2.2
2023-12-06,2023-24,Fulham,Nott'm Forest,Home Win,0,1.6,2.2,0.8,4.8,1.2,2.0,0.6,3.2,0.20000000000000007,0.40000000000000013,0.20000000000000018,1.5999999999999996
2023-12-06,2023-24,Crystal Palace,Bournemouth,Away Win,2,1.4,1.6,0.8,4.0,2.0,2.0,2.0,7.0,-1.2,-0.6000000000000001,-0.3999999999999999,-3.0
2023-12-06,2023-24,Brighton,Brentford,Home Win,0,1.6,1.6,1.2,5.8,1.6,1.4,1.8,4.2,-0.6000000000000001,0.0,0.20000000000000018,1.5999999999999996
2023-12-06,2023-24,Sheffield United,Liverpool,Away Win,2,0.8,3.0,0.8,1.6,2.4,1.0,2.2,7.8,-1.4000000000000001,-1.5999999999999999,2.0,-6.199999999999999
2023-12-06,2023-24,Man United,Chelsea,Home Win,0,1.0,0.8,1.8,3.4,2.4,2.6,1.4,5.6,0.40000000000000013,-1.4,-1.8,-2.1999999999999997
2023-12-06,2023-24,Aston Villa,Man City,Home Win,0,2.0,1.4,2.0,4.6,3.4,1.8,1.8,7.4,0.19999999999999996,-1.4,-0.40000000000000013,-2.8000000000000007
2023-12-07,2023-24,Everton,Newcastle,Home Win,0,1.2,1.2,2.0,4.2,1.6,1.0,2.0,4.2,0.0,-0.40000000000000013,0.19999999999999996,0.0
2023-12-07,2023-24,Tottenham,West Ham,Away Win,2,1.6,2.4,0.8,4.0,1.6,1.6,1.4,3.2,-0.5999999999999999,0.0,0.7999999999999998,0.7999999999999998
2023-12-09,2023-24,Crystal Palace,Liverpool,Away Win,2,1.2,1.6,0.8,4.0,2.2,1.0,2.2,7.8,-1.4000000000000001,-1.0000000000000002,0.6000000000000001,-3.8
2023-12-09,2023-24,Brighton,Burnley,Draw,1,1.8,1.6,1.6,5.8,1.4,1.6,0.6,5.0,1.0,0.40000000000000013,0.0,0.7999999999999998
2023-12-09,2023-24,Man United,Bournemouth,Away Win,2,1.4,0.4,2.4,4.6,2.0,1.8,2.0,6.6,0.3999999999999999,-0.6000000000000001,-1.4,-2.0
2023-12-09,2023-24,Sheffield United,Brentford,Home Win,0,0.8,2.4,0.8,1.8,1.4,1.8,1.2,3.6,-0.3999999999999999,-0.5999999999999999,0.5999999999999999,-1.8
2023-12-09,2023-24,Wolves,Nott'm Forest,Draw,1,1.4,1.6,1.2,4.0,1.2,2.4,0.6,3.2,0.6,0.19999999999999996,-0.7999999999999998,0.7999999999999998
2023-12-09,2023-24,Aston Villa,Arsenal,Home Win,0,1.6,1.2,2.0,4.8,2.0,1.2,2.4,5.2,-0.3999999999999999,-0.3999999999999999,0.0,-0.40000000000000036
2023-12-10,2023-24,Fulham,West Ham,Home Win,0,2.4,2.0,1.2,5.0,2.0,1.6,2.0,3.8,-0.8,0.3999999999999999,0.3999999999999999,1.2000000000000002
2023-12-10,2023-24,Luton,Man City,Away Win,2,1.4,2.0,0.8,3.4,2.8,2.0,1.2,5.8,-0.3999999999999999,-1.4,0.0,-2.4
2023-12-10,2023-24,Everton,Chelsea,Home Win,0,1.6,1.2,2.0,4.6,2.6,2.6,1.4,5.8,0.6000000000000001,-1.0,-1.4000000000000001,-1.2000000000000002
2023-12-10,2023-24,Tottenham,Newcastle,Home Win,0,1.4,2.6,0.2,5.2,1.2,1.2,1.8,3.8,-1.6,0.19999999999999996,1.4000000000000001,1.4000000000000004
2023-12-15,2023-24,Nott'm Forest,Tottenham,Away Win,2,1.0,2.6,0.2,3.0,2.0,2.0,0.8,6.6,-0.6000000000000001,-1.0,0.6000000000000001,-3.5999999999999996
2023-12-16,2023-24,Chelsea,Sheffield United,Home Win,0,1.8,2.8,0.8,5.0,0.6,2.2,0.8,2.2,0.0,1.2000000000000002,0.5999999999999996,2.8
2023-12-16,2023-24,Man City,Crystal Palace,Draw,1,2.0,2.0,1.2,5.4,1.0,2.0,0.2,4.2,1.0,1.0,0.0,1.2000000000000002
2023-12-16,2023-24,Newcastle,Fulham,Home Win,0,1.2,2.0,1.2,4.0,3.4,1.8,1.8,6.0,-0.6000000000000001,-2.2,0.19999999999999996,-2.0
2023-12-16,2023-24,Burnley,Everton,Away Win,2,1.6,1.4,0.8,4.6,1.8,1.0,2.4,4.8,-1.5999999999999999,-0.19999999999999996,0.3999999999999999,-0.20000000000000018
2023-12-17,2023-24,Arsenal,Brighton,Home Win,0,2.0,1.2,2.4,6.0,1.8,1.6,1.6,7.6,0.7999999999999998,0.19999999999999996,-0.40000000000000013,-1.5999999999999996
2023-12-17,2023-24,Brentford,Aston Villa,Away Win,2,0.8,1.6,0.6,3.6,1.8,0.8,2.6,4.8,-2.0,-1.0,0.8,-1.1999999999999997
2023-12-17,2023-24,West Ham,Wolves,Home Win,0,1.6,2.0,2.0,4.4,1.4,1.4,1.4,4.2,0.6000000000000001,0.20000000000000018,0.6000000000000001,0.20000000000000018
2023-12-17,2023-24,Liverpool,Man United,Draw,1,2.4,1.0,2.6,7.0,1.2,1.0,1.8,4.2,0.8,1.2,0.0,2.8
2023-12-21,2023-24,Crystal Palace,Brighton,Draw,1,1.0,1.8,0.4,3.8,1.6,1.8,1.4,6.6,-0.9999999999999999,-0.6000000000000001,0.0,-2.8
2023-12-22,2023-24,Aston Villa,Sheffield United,Draw,1,1.6,0.8,2.6,4.6,0.4,2.4,0.6,2.2,2.0,1.2000000000000002,-1.5999999999999999,2.3999999999999995
2023-12-23,2023-24,Luton,Newcastle,Home Win,0,1.4,2.2,0.6,2.8,1.8,1.6,1.8,5.0,-1.2000000000000002,-0.40000000000000013,0.6000000000000001,-2.2
2023-12-23,2023-24,West Ham,Man United,Home Win,0,1.6,1.6,2.0,4.0,1.0,1.0,1.4,3.6,0.6000000000000001,0.6000000000000001,0.6000000000000001,0.3999999999999999
2023-12-23,2023-24,Fulham,Burnley,Away Win,2,3.2,1.8,1.8,5.8,1.4,1.2,0.8,4.0,1.0,1.8000000000000003,0.6000000000000001,1.7999999999999998
2023-12-23,2023-24,Tottenham,Everton,Home Win,0,2.2,1.6,1.4,7.4,1.6,0.6,2.4,5.2,-1.0,0.6000000000000001,1.0,2.2
2023-12-23,2023-24,Liverpool,Arsenal,Draw,1,1.8,1.0,2.2,6.6,1.8,1.0,2.4,6.6,-0.19999999999999973,0.0,0.0,0.0
2023-12-23,2023-24,Nott'm Forest,Bournemouth,Away Win,2,0.6,2.4,0.2,2.2,2.4,0.6,2.6,7.2,-2.4,-1.7999999999999998,1.7999999999999998,-5.0
2023-12-24,2023-24,Wolves,Chelsea,Home Win,0,1.0,1.8,0.8,4.0,1.4,2.0,1.2,4.4,-0.3999999999999999,-0.3999999999999999,-0.19999999999999996,-0.40000000000000036
2023-12-26,2023-24,Newcastle,Nott'm Forest,Away Win,2,1.0,1.6,1.2,4.4,0.6,2.4,0.2,2.2,1.0,0.4,-0.7999999999999998,2.2
2023-12-26,2023-24,Bournemouth,Fulham,Home Win,0,2.6,1.0,2.6,6.6,2.6,1.8,1.2,5.6,1.4000000000000001,0.0,-0.8,1.0
2023-12-26,2023-24,Sheffield United,Luton,Away Win,2,0.4,2.0,0.8,2.2,1.6,2.0,1.2,3.0,-0.3999999999999999,-1.2000000000000002,0.0,-0.7999999999999998
2023-12-26,2023-24,Burnley,Liverpool,Away Win,2,1.6,0.8,1.4,3.4,1.8,1.0,2.2,6.6,-0.8000000000000003,-0.19999999999999996,-0.19999999999999996,-3.1999999999999997
2023-12-26,2023-24,Man United,Aston Villa,Home Win,0,0.4,1.4,0.8,3.4,1.4,0.8,2.2,4.4,-1.4000000000000001,-0.9999999999999999,0.5999999999999999,-1.0000000000000004
2023-12-27,2023-24,Brentford,Wolves,Away Win,2,1.0,1.4,0.6,3.6,1.0,1.4,1.4,4.0,-0.7999999999999999,0.0,0.0,-0.3999999999999999
2023-12-27,2023-24,Chelsea,Crystal Palace,Home Win,0,1.4,1.6,1.2,4.6,1.0,1.6,0.6,2.8,0.6,0.3999999999999999,0.0,1.7999999999999998
2023-12-27,2023-24,Everton,Man City,Away Win,2,1.8,0.4,2.4,5.6,1.6,1.6,1.2,5.2,1.2,0.19999999999999996,-1.2000000000000002,0.39999999999999947
2023-12-28,2023-24,Brighton,Tottenham,Home Win,0,1.2,1.6,1.0,6.8,2.4,1.4,2.0,7.0,-1.0,-1.2,0.20000000000000018,-0.20000000000000018
2023-12-28,2023-24,Arsenal,West Ham,Away Win,2,1.8,1.2,2.0,6.2,1.6,1.4,2.0,4.4,0.0,0.19999999999999996,-0.19999999999999996,1.7999999999999998
2023-12-30,2023-24,Crystal Palace,Brentford,Home Win,0,1.0,1.8,0.4,3.4,1.2,2.0,0.6,3.8,-0.19999999999999996,-0.19999999999999996,-0.19999999999999996,-0.3999999999999999
2023-12-30,2023-24,Luton,Chelsea,Away Win,2,1.8,2.2,1.2,3.2,1.2,1.4,1.2,4.4,0.0,0.6000000000000001,0.8000000000000003,-1.2000000000000002
2023-12-30,2023-24,Aston Villa,Burnley,Home Win,0,1.4,1.0,2.0,4.6,0.6,1.2,0.8,2.0,1.2,0.7999999999999999,-0.19999999999999996,2.5999999999999996
2023-12-30,2023-24,Nott'm Forest,Man United,Home Win,0,1.2,2.4,0.8,3.0,1.0,1.6,1.4,4.6,-0.5999999999999999,0.19999999999999996,0.7999999999999998,-1.5999999999999996
2023-12-30,2023-24,Man City,Sheffield United,Home Win,0,2.0,1.6,1.6,6.0,0.8,1.6,0.8,2.8,0.8,1.2,0.0,3.2
2023-12-30,2023-24,Wolves,Everton,Home Win,0,1.6,1.2,2.0,4.4,1.8,1.0,1.8,5.4,0.19999999999999996,-0.19999999999999996,0.19999999999999996,-1.0
2023-12-31,2023-24,Fulham,Arsenal,Home Win,0,2.0,1.6,1.2,5.2,1.4,1.4,1.4,6.6,-0.19999999999999996,0.6000000000000001,0.20000000000000018,-1.3999999999999995
2023-12-31,2023-24,Tottenham,Bournemouth,Home Win,0,2.2,1.6,1.8,6.8,2.6,0.8,2.6,5.2,-0.8,-0.3999999999999999,0.8,1.5999999999999996
2024-01-01,2023-24,Liverpool,Newcastle,Home Win,0,1.4,0.4,2.2,6.2,1.0,2.2,0.6,5.0,1.6,0.3999999999999999,-1.8000000000000003,1.2000000000000002
2024-01-02,2023-24,West Ham,Brighton,Draw,1,1.8,1.2,2.4,4.4,1.6,1.4,1.6,6.8,0.7999999999999998,0.19999999999999996,-0.19999999999999996,-2.3999999999999995
2024-01-12,2023-24,Burnley,Luton,Draw,1,1.0,1.6,0.8,2.4,2.0,2.2,1.2,4.2,-0.3999999999999999,-1.0,-0.6000000000000001,-1.8000000000000003
2024-01-13,2023-24,Chelsea,Fulham,Home Win,0,1.6,1.4,1.8,5.4,1.4,1.8,1.2,4.8,0.6000000000000001,0.20000000000000018,-0.40000000000000013,0.6000000000000005
2024-01-13,2023-24,Newcastle,Man City,Away Win,2,1.4,2.4,0.6,5.0,1.8,1.0,2.0,6.0,-1.4,-0.40000000000000013,1.4,-1.0
2024-01-14,2023-24,Everton,Aston Villa,Draw,1,1.2,1.6,1.2,4.2,1.8,1.4,2.0,4.6,-0.8,-0.6000000000000001,0.20000000000000018,-0.39999999999999947
2024-01-14,2023-24,Man United,Tottenham,Draw,1,0.8,1.8,0.8,3.8,2.6,1.4,2.4,6.6,-1.5999999999999999,-1.8,0.40000000000000013,-2.8
2024-01-20,2023-24,Arsenal,Crystal Palace,Home Win,0,0.8,1.2,0.8,5.4,1.6,1.6,1.0,4.0,-0.19999999999999996,-0.8,-0.40000000000000013,1.4000000000000004
2024-01-20,2023-24,Brentford,Nott'm Forest,Home Win,0,0.8,2.4,0.0,3.4,1.6,1.6,1.4,3.2,-1.4,-0.8,0.7999999999999998,0.19999999999999973
2024-01-21,2023-24,Sheffield United,West Ham,Draw,1,0.8,1.6,0.8,3.0,1.4,1.0,2.0,3.8,-1.2,-0.5999999999999999,0.6000000000000001,-0.7999999999999998
2024-01-21,2023-24,Bournemouth,Liverpool,Away Win,2,2.4,1.0,2.4,4.6,1.8,0.8,2.2,7.6,0.19999999999999973,0.5999999999999999,0.19999999999999996,-3.0
2024-01-22,2023-24,Brighton,Wolves,Draw,1,1.2,1.2,1.2,7.0,2.0,1.2,2.0,4.8,-0.8,-0.8,0.0,2.2
2024-01-30,2023-24,Nott'm Forest,Arsenal,Away Win,2,1.8,2.0,1.2,3.4,1.8,1.0,1.4,5.6,-0.19999999999999996,0.0,1.0,-2.1999999999999997
2024-01-30,2023-24,Fulham,Everton,Draw,1,0.4,2.0,0.6,4.0,0.8,1.6,0.8,3.6,-0.20000000000000007,-0.4,0.3999999999999999,0.3999999999999999
2024-01-30,2023-24,Luton,Brighton,Home Win,0,1.6,1.6,1.4,4.4,1.0,1.0,1.2,5.6,0.19999999999999996,0.6000000000000001,0.6000000000000001,-1.1999999999999993
2024-01-30,2023-24,Crystal Palace,Sheffield United,Home Win,0,1.4,2.2,1.0,4.2,1.0,2.0,0.4,3.4,0.6,0.3999999999999999,0.20000000000000018,0.8000000000000003
2024-01-30,2023-24,Aston Villa,Newcastle,Away Win,2,1.6,1.4,1.6,5.0,1.6,2.2,0.6,5.4,1.0,0.0,-0.8000000000000003,-0.40000000000000036
2024-01-31,2023-24,Man City,Burnley,Home Win,0,2.4,1.2,2.6,7.8,1.0,1.6,0.8,3.2,1.8,1.4,-0.40000000000000013,4.6
2024-01-31,2023-24,Tottenham,Brentford,Home Win,0,2.2,1.6,2.0,5.4,1.2,2.4,0.6,4.0,1.4,1.0000000000000002,-0.7999999999999998,1.4000000000000004
2024-01-31,2023-24,Liverpool,Chelsea,Home Win,0,2.2,0.6,2.2,8.6,1.8,1.0,2.4,5.2,-0.19999999999999973,0.40000000000000013,-0.4,3.3999999999999995
2024-02-01,2023-24,West Ham,Bournemouth,Draw,1,1.8,0.4,2.2,3.8,2.0,1.8,1.8,4.0,0.40000000000000013,-0.19999999999999996,-1.4,-0.20000000000000018
2024-02-01,2023-24,Wolves,Man United,Away Win,2,1.8,1.0,2.0,4.6,1.2,1.6,1.0,3.6,1.0,0.6000000000000001,-0.6000000000000001,0.9999999999999996
2024-02-03,2023-24,Burnley,Fulham,Draw,1,1.2,1.8,0.8,3.4,0.4,1.4,0.8,4.4,0.0,0.7999999999999999,0.40000000000000013,-1.0000000000000004
2024-02-03,2023-24,Everton,Tottenham,Draw,1,0.4,1.6,0.4,3.2,2.4,2.0,2.0,5.2,-1.6,-2.0,-0.3999999999999999,-2.0
2024-02-03,2023-24,Newcastle,Luton,Draw,1,1.6,2.4,0.6,4.4,2.2,1.2,2.0,5.6,-1.4,-0.6000000000000001,1.2,-1.1999999999999993
2024-02-03,2023-24,Sheffield United,Aston Villa,Away Win,2,1.4,2.2,0.4,4.2,1.4,1.8,1.0,5.2,-0.6,0.0,0.40000000000000013,-1.0
2024-02-03,2023-24,Brighton,Crystal Palace,Home Win,0,1.0,1.4,1.2,5.8,1.6,2.2,1.4,4.6,-0.19999999999999996,-0.6000000000000001,-0.8000000000000003,1.2000000000000002
2024-02-04,2023-24,Bournemouth,Nott'm Forest,Draw,1,1.6,2.0,1.4,4.0,2.0,2.0,1.2,3.8,0.19999999999999996,-0.3999999999999999,0.0,0.20000000000000018
2024-02-04,2023-24,Chelsea,Wolves,Away Win,2,1.6,1.8,1.8,4.6,2.4,1.2,2.0,5.4,-0.19999999999999996,-0.7999999999999998,0.6000000000000001,-0.8000000000000007
2024-02-04,2023-24,Man United,West Ham,Home Win,0,2.0,2.2,1.4,5.0,1.4,0.6,1.8,3.6,-0.40000000000000013,0.6000000000000001,1.6,1.4
2024-02-04,2023-24,Arsenal,Liverpool,Home Win,0,1.8,1.2,1.4,4.4,3.0,0.8,2.6,9.6,-1.2000000000000002,-1.2,0.3999999999999999,-5.199999999999999
2024-02-05,2023-24,Brentford,Man City,Away Win,2,1.6,2.8,0.6,4.2,2.6,1.2,2.6,7.4,-2.0,-1.0,1.5999999999999999,-3.2
2024-02-10,2023-24,Liverpool,Burnley,Home Win,0,3.0,1.2,2.4,9.2,1.2,2.2,0.4,3.8,2.0,1.8,-1.0000000000000002,5.3999999999999995
2024-02-10,2023-24,Man City,Everton,Home Win,0,2.8,1.0,3.0,8.6,0.6,1.6,0.6,2.6,2.4,2.1999999999999997,-0.6000000000000001,6.0
2024-02-10,2023-24,Tottenham,Brighton,Home Win,0,2.4,2.2,1.6,5.2,1.6,1.4,1.6,5.8,0.0,0.7999999999999998,0.8000000000000003,-0.5999999999999996
2024-02-10,2023-24,Fulham,Bournemouth,Home Win,0,0.8,1.4,1.0,4.8,1.2,1.8,1.0,3.0,0.0,-0.3999999999999999,-0.40000000000000013,1.7999999999999998
2024-02-10,2023-24,Wolves,Brentford,Away Win,2,2.8,1.4,2.0,5.6,1.6,3.0,0.6,4.2,1.4,1.1999999999999997,-1.6,1.3999999999999995
2024-02-10,2023-24,Nott'm Forest,Newcastle,Away Win,2,1.8,1.6,1.4,4.0,2.4,3.0,0.8,5.2,0.5999999999999999,-0.5999999999999999,-1.4,-1.2000000000000002
2024-02-10,2023-24,Luton,Sheffield United,Away Win,2,2.8,2.0,1.6,6.2,1.2,3.0,0.2,4.8,1.4000000000000001,1.5999999999999999,-1.0,1.4000000000000004
2024-02-11,2023-24,West Ham,Arsenal,Away Win,2,1.0,1.2,1.2,3.2,2.2,1.2,1.8,5.4,-0.6000000000000001,-1.2000000000000002,0.0,-2.2
2024-02-11,2023-24,Aston Villa,Man United,Away Win,2,2.2,1.6,1.4,6.4,2.6,1.8,2.0,5.4,-0.6000000000000001,-0.3999999999999999,-0.19999999999999996,1.0
2024-02-12,2023-24,Crystal Palace,Chelsea,Away Win,2,1.6,2.8,1.2,5.0,1.8,2.2,1.8,4.8,-0.6000000000000001,-0.19999999999999996,0.5999999999999996,0.20000000000000018
2024-02-17,2023-24,Nott'm Forest,West Ham,Home Win,0,1.6,2.0,0.8,3.4,0.6,2.4,0.6,2.8,0.20000000000000007,1.0,-0.3999999999999999,0.6000000000000001
2024-02-17,2023-24,Tottenham,Wolves,Away Win,2,2.4,1.6,2.2,5.8,2.0,1.6,1.4,5.6,0.8000000000000003,0.3999999999999999,0.0,0.20000000000000018
2024-02-17,2023-24,Brentford,Liverpool,Away Win,2,1.8,2.2,1.2,4.6,3.2,1.4,2.4,9.2,-1.2,-1.4000000000000001,0.8000000000000003,-4.6
2024-02-17,2023-24,Burnley,Arsenal,Away Win,2,1.4,2.4,0.4,4.6,3.4,0.8,2.4,6.2,-2.0,-2.0,1.5999999999999999,-1.6000000000000005
2024-02-17,2023-24,Fulham,Aston Villa,Away Win,2,1.4,1.0,1.6,5.4,2.0,1.4,1.4,7.6,0.20000000000000018,-0.6000000000000001,-0.3999999999999999,-2.1999999999999993
2024-02-17,2023-24,Newcastle,Bournemouth,Draw,1,2.8,2.8,1.4,4.8,0.8,2.4,0.4,3.0,0.9999999999999999,1.9999999999999998,0.3999999999999999,1.7999999999999998
2024-02-17,2023-24,Man City,Chelsea,Draw,1,2.6,0.8,3.0,7.4,2.0,2.2,1.8,5.0,1.2,0.6000000000000001,-1.4000000000000001,2.4000000000000004
2024-02-18,2023-24,Sheffield United,Brighton,Away Win,2,1.4,2.6,0.8,4.2,1.0,1.4,1.0,4.6,-0.19999999999999996,0.3999999999999999,1.2000000000000002,-0.39999999999999947
2024-02-18,2023-24,Luton,Man United,Away Win,2,2.4,2.2,1.0,6.4,2.4,1.6,2.0,5.0,-1.0,0.0,0.6000000000000001,1.4000000000000004
2024-02-19,2023-24,Everton,Crystal Palace,Draw,1,0.4,1.4,0.6,2.4,1.6,3.0,1.2,4.8,-0.6,-1.2000000000000002,-1.6,-2.4
2024-02-20,2023-24,Man City,Brentford,Home Win,0,2.4,1.0,2.6,7.6,1.8,2.4,1.2,5.0,1.4000000000000001,0.5999999999999999,-1.4,2.5999999999999996
2024-02-21,2023-24,Liverpool,Luton,Home Win,0,3.2,1.2,2.4,7.8,2.2,2.0,1.0,6.0,1.4,1.0,-0.8,1.7999999999999998
2024-02-24,2023-24,Aston Villa,Nott'm Forest,Home Win,0,1.8,1.2,1.4,6.8,1.6,1.8,0.8,4.6,0.5999999999999999,0.19999999999999996,-0.6000000000000001,2.2
2024-02-24,2023-24,Brighton,Everton,Draw,1,2.0,1.4,1.4,5.0,0.6,1.0,0.8,3.2,0.5999999999999999,1.4,0.3999999999999999,1.7999999999999998
2024-02-24,2023-24,Crystal Palace,Burnley,Home Win,0,1.2,3.0,0.8,4.4,1.0,2.8,0.4,3.6,0.4,0.19999999999999996,0.20000000000000018,0.8000000000000003
2024-02-24,2023-24,Man United,Fulham,Away Win,2,2.6,1.4,2.6,5.8,1.2,1.2,1.0,5.4,1.6,1.4000000000000001,0.19999999999999996,0.39999999999999947
2024-02-24,2023-24,Bournemouth,Man City,Away Win,2,1.0,2.2,0.6,3.6,2.0,0.6,2.6,7.6,-2.0,-1.0,1.6,-3.9999999999999996
2024-02-24,2023-24,Arsenal,Newcastle,Home Win,0,4.2,0.4,3.0,7.0,2.8,2.4,1.6,5.2,1.4,1.4000000000000004,-2.0,1.7999999999999998
2024-02-25,2023-24,Wolves,Sheffield United,Home Win,0,1.8,1.8,1.4,5.8,1.4,3.2,0.8,4.0,0.5999999999999999,0.40000000000000013,-1.4000000000000001,1.7999999999999998
2024-02-26,2023-24,West Ham,Brentford,Home Win,0,0.6,2.8,0.4,3.0,1.2,2.2,0.6,4.4,-0.19999999999999996,-0.6,0.5999999999999996,-1.4000000000000004
2024-03-02,2023-24,Fulham,Brighton,Home Win,0,1.6,1.2,1.6,5.6,2.2,1.6,1.4,5.6,0.20000000000000018,-0.6000000000000001,-0.40000000000000013,0.0
2024-03-02,2023-24,Brentford,Chelsea,Draw,1,1.2,2.4,0.6,5.0,1.6,2.0,1.4,4.6,-0.7999999999999999,-0.40000000000000013,0.3999999999999999,0.40000000000000036
2024-03-02,2023-24,Nott'm Forest,Liverpool,Away Win,2,1.6,2.0,0.8,4.6,3.2,1.4,2.4,9.0,-1.5999999999999999,-1.6,0.6000000000000001,-4.4
2024-03-02,2023-24,Everton,West Ham,Away Win,2,0.8,1.2,0.8,3.4,1.0,2.8,0.8,3.2,0.0,-0.19999999999999996,-1.5999999999999999,0.19999999999999973
2024-03-02,2023-24,Tottenham,Crystal Palace,Home Win,0,2.0,1.8,1.6,5.4,1.8,2.0,1.4,4.6,0.20000000000000018,0.19999999999999996,-0.19999999999999996,0.8000000000000007
2024-03-02,2023-24,Luton,Aston Villa,Away Win,2,2.2,2.6,0.8,5.6,2.6,1.6,1.8,7.0,-1.0,-0.3999999999999999,1.0,-1.4000000000000004
2024-03-02,2023-24,Newcastle,Wolves,Home Win,0,2.6,2.6,1.6,4.6,2.0,1.8,1.8,5.6,-0.19999999999999996,0.6000000000000001,0.8,-1.0
2024-03-03,2023-24,Burnley,Bournemouth,Away Win,2,0.8,3.2,0.2,2.2,1.0,1.6,0.6,4.2,-0.39999999999999997,-0.19999999999999996,1.6,-2.0
2024-03-03,2023-24,Man City,Man United,Home Win,0,1.6,0.4,2.6,8.0,2.4,1.4,2.4,7.2,0.20000000000000018,-0.7999999999999998,-0.9999999999999999,0.7999999999999998
2024-03-04,2023-24,Sheffield United,Arsenal,Away Win,2,1.0,3.0,0.6,3.6,4.0,0.6,3.0,7.4,-2.4,-3.0,2.4,-3.8000000000000003
2024-03-09,2023-24,Man United,Everton,Home Win,0,1.8,1.4,1.8,5.8,1.0,1.8,0.6,4.8,1.2000000000000002,0.8,-0.40000000000000013,1.0
2024-03-09,2023-24,Bournemouth,Sheffield United,Draw,1,1.2,1.4,1.0,4.0,0.6,3.6,0.6,2.6,0.4,0.6,-2.2,1.4
2024-03-09,2023-24,Crystal Palace,Luton,Draw,1,1.4,2.2,0.8,4.0,1.8,3.2,0.2,5.0,0.6000000000000001,-0.40000000000000013,-1.0,-1.0
2024-03-09,2023-24,Wolves,Fulham,Home Win,0,1.4,1.6,1.8,4.8,2.2,1.2,2.0,5.4,-0.19999999999999996,-0.8000000000000003,0.40000000000000013,-0.6000000000000005
2024-03-09,2023-24,Arsenal,Brentford,Home Win,0,4.8,0.4,3.0,8.8,1.4,2.2,0.8,5.4,2.2,3.4,-1.8000000000000003,3.4000000000000004
2024-03-10,2023-24,Brighton,Nott'm Forest,Home Win,0,2.2,1.4,1.4,6.2,1.4,1.8,0.8,4.4,0.5999999999999999,0.8000000000000003,-0.40000000000000013,1.7999999999999998
2024-03-10,2023-24,West Ham,Burnley,Draw,1,1.4,2.8,1.2,3.6,0.6,3.0,0.2,2.8,1.0,0.7999999999999999,-0.20000000000000018,0.8000000000000003
2024-03-10,2023-24,Aston Villa,Tottenham,Away Win,2,3.0,1.4,2.4,7.4,2.2,1.6,2.0,5.4,0.3999999999999999,0.7999999999999998,-0.20000000000000018,2.0
2024-03-10,2023-24,Liverpool,Man City,Draw,1,2.6,1.2,2.4,6.8,1.6,0.4,2.6,6.6,-0.20000000000000018,1.0,0.7999999999999999,0.20000000000000018
2024-03-11,2023-24,Chelsea,Newcastle,Home Win,0,1.8,2.4,1.0,5.2,2.6,2.4,1.6,5.0,-0.6000000000000001,-0.8,0.0,0.20000000000000018
2024-03-13,2023-24,Bournemouth,Luton,Home Win,0,1.4,1.6,1.0,6.0,1.2,2.6,0.2,3.8,0.8,0.19999999999999996,-1.0,2.2
2024-03-16,2023-24,Burnley,Brentford,Home Win,0,0.6,3.0,0.2,2.8,1.2,2.6,0.2,5.0,0.0,-0.6,0.3999999999999999,-2.2
2024-03-16,2023-24,Luton,Nott'm Forest,Draw,1,1.6,2.8,0.2,3.6,1.2,1.8,0.6,4.0,-0.39999999999999997,0.40000000000000013,0.9999999999999998,-0.3999999999999999
2024-03-16,2023-24,Fulham,Tottenham,Home Win,0,2.0,1.2,1.8,5.2,2.4,1.2,2.0,5.4,-0.19999999999999996,-0.3999999999999999,0.0,-0.20000000000000018
2024-03-17,2023-24,West Ham,Aston Villa,Draw,1,1.8,2.6,1.4,3.8,2.0,2.2,1.8,5.6,-0.40000000000000013,-0.19999999999999996,0.3999999999999999,-1.7999999999999998
2024-03-30,2023-24,Newcastle,West Ham,Home Win,0,2.2,2.2,1.4,4.4,2.0,1.6,1.6,4.6,-0.20000000000000018,0.20000000000000018,0.6000000000000001,-0.1999999999999993
2024-03-30,2023-24,Bournemouth,Everton,Home Win,0,2.0,1.6,1.6,7.2,0.6,1.8,0.4,5.0,1.2000000000000002,1.4,-0.19999999999999996,2.2
2024-03-30,2023-24,Chelsea,Burnley,Draw,1,2.2,2.0,1.6,6.2,0.8,2.6,0.8,3.2,0.8,1.4000000000000001,-0.6000000000000001,3.0
2024-03-30,2023-24,Nott'm Forest,Crystal Palace,Draw,1,1.0,1.4,0.8,4.6,1.4,1.6,1.0,3.8,-0.19999999999999996,-0.3999999999999999,-0.20000000000000018,0.7999999999999998
2024-03-30,2023-24,Sheffield United,Fulham,Draw,1,1.0,3.0,0.8,3.4,2.0,1.0,1.8,5.4,-1.0,-1.0,2.0,-2.0000000000000004
2024-03-30,2023-24,Tottenham,Luton,Home Win,0,2.0,1.4,1.8,5.2,1.6,2.6,0.4,3.6,1.4,0.3999999999999999,-1.2000000000000002,1.6
2024-03-30,2023-24,Aston Villa,Wolves,Home Win,0,2.0,2.0,2.0,4.6,1.0,1.4,1.8,4.0,0.19999999999999996,1.0,0.6000000000000001,0.5999999999999996
2024-03-30,2023-24,Brentford,Man United,Draw,1,1.2,2.2,0.2,4.8,1.6,1.4,1.8,6.4,-1.6,-0.40000000000000013,0.8000000000000003,-1.6000000000000005
2024-03-31,2023-24,Liverpool,Brighton,Home Win,0,2.6,0.8,2.6,7.8,1.6,1.2,1.4,5.6,1.2000000000000002,1.0,-0.3999999999999999,2.2
2024-03-31,2023-24,Man City,Arsenal,Draw,1,1.4,0.6,2.2,7.2,4.6,0.4,3.0,8.6,-0.7999999999999998,-3.1999999999999997,0.19999999999999996,-1.3999999999999995
2024-04-02,2023-24,Newcastle,Everton,Draw,1,2.4,2.4,1.4,5.2,0.8,1.8,0.4,5.4,0.9999999999999999,1.5999999999999999,0.5999999999999999,-0.20000000000000018
2024-04-02,2023-24,Nott'm Forest,Fulham,Home Win,0,0.8,1.6,0.4,4.0,2.4,1.2,2.0,6.4,-1.6,-1.5999999999999999,0.40000000000000013,-2.4000000000000004
2024-04-02,2023-24,Bournemouth,Crystal Palace,Home Win,0,2.0,1.4,2.0,6.6,1.4,1.2,1.2,3.6,0.8,0.6000000000000001,0.19999999999999996,2.9999999999999996
2024-04-02,2023-24,Burnley,Wolves,Draw,1,1.2,2.0,1.0,4.6,1.0,1.4,1.8,3.6,-0.8,0.19999999999999996,0.6000000000000001,0.9999999999999996
2024-04-02,2023-24,West Ham,Tottenham,Draw,1,2.6,2.0,1.6,4.8,2.0,1.4,1.8,4.8,-0.19999999999999996,0.6000000000000001,0.6000000000000001,0.0
2024-04-03,2023-24,Arsenal,Luton,Home Win,0,3.4,0.4,2.6,6.6,1.6,2.2,0.4,3.6,2.2,1.7999999999999998,-1.8000000000000003,2.9999999999999996
2024-04-03,2023-24,Brentford,Brighton,Draw,1,1.4,2.2,0.4,5.4,1.6,1.2,1.4,5.6,-0.9999999999999999,-0.20000000000000018,1.0000000000000002,-0.1999999999999993
2024-04-03,2023-24,Man City,Aston Villa,Home Win,0,1.2,0.4,2.2,6.4,2.0,1.8,2.0,5.0,0.20000000000000018,-0.8,-1.4,1.4000000000000004
2024-04-04,2023-24,Liverpool,Sheffield United,Home Win,0,2.4,0.8,2.6,7.4,1.0,3.4,0.4,3.6,2.2,1.4,-2.5999999999999996,3.8000000000000003
2024-04-04,2023-24,Chelsea,Man United,Home Win,0,2.2,1.6,1.8,7.6,1.4,1.4,1.4,6.4,0.40000000000000013,0.8000000000000003,0.20000000000000018,1.1999999999999993
2024-04-06,2023-24,Crystal Palace,Man City,Away Win,2,1.2,1.2,1.0,3.2,1.8,0.6,2.2,6.4,-1.2000000000000002,-0.6000000000000001,0.6,-3.2
2024-04-06,2023-24,Aston Villa,Brentford,Draw,1,1.4,2.2,1.4,4.4,1.0,1.4,0.6,4.2,0.7999999999999999,0.3999999999999999,0.8000000000000003,0.20000000000000018
2024-04-06,2023-24,Fulham,Newcastle,Away Win,2,2.2,1.6,1.4,6.0,2.2,2.2,1.4,5.4,0.0,0.0,-0.6000000000000001,0.5999999999999996
2024-04-06,2023-24,Luton,Bournemouth,Home Win,0,1.2,2.0,0.4,2.8,2.2,1.2,2.6,7.0,-2.2,-1.0000000000000002,0.8,-4.2
2024-04-06,2023-24,Everton,Burnley,Home Win,0,0.8,1.8,0.4,5.2,1.4,1.6,1.2,5.8,-0.7999999999999999,-0.5999999999999999,0.19999999999999996,-0.5999999999999996
2024-04-06,2023-24,Wolves,West Ham,Away Win,2,0.8,1.4,1.4,2.6,2.0,1.8,1.2,4.4,0.19999999999999996,-1.2,-0.40000000000000013,-1.8000000000000003
2024-04-06,2023-24,Brighton,Arsenal,Away Win,2,0.6,1.2,1.0,4.8,2.8,0.4,2.6,6.0,-1.6,-2.1999999999999997,0.7999999999999999,-1.2000000000000002
2024-04-07,2023-24,Man United,Liverpool,Draw,1,1.6,2.0,0.8,5.6,2.2,0.8,2.6,7.6,-1.8,-0.6000000000000001,1.2,-2.0
2024-04-07,2023-24,Sheffield United,Chelsea,Draw,1,1.2,3.0,0.4,4.0,2.4,2.0,1.8,8.6,-1.4,-1.2,1.0,-4.6
2024-04-07,2023-24,Tottenham,Nott'm Forest,Home Win,0,2.0,1.2,2.0,4.8,1.0,1.0,1.0,4.2,1.0,1.0,0.19999999999999996,0.5999999999999996
2024-04-13,2023-24,Newcastle,Tottenham,Home Win,0,2.2,1.4,2.0,6.0,2.0,1.2,2.0,5.0,0.0,0.20000000000000018,0.19999999999999996,1.0
2024-04-13,2023-24,Brentford,Sheffield United,Home Win,0,1.2,1.6,0.6,3.8,1.6,3.2,0.6,4.4,0.0,-0.40000000000000013,-1.6,-0.6000000000000005
2024-04-13,2023-24,Burnley,Brighton,Draw,1,1.4,1.4,1.2,4.8,0.4,1.6,0.8,3.8,0.3999999999999999,0.9999999999999999,-0.20000000000000018,1.0
2024-04-13,2023-24,Man City,Luton,Home Win,0,2.4,1.0,2.2,6.8,1.4,2.0,0.8,4.2,1.4000000000000001,1.0,-1.0,2.5999999999999996
2024-04-13,2023-24,Nott'm Forest,Wolves,Draw,1,1.2,1.4,1.0,5.0,0.8,1.8,0.8,3.6,0.19999999999999996,0.3999999999999999,-0.40000000000000013,1.4
2024-04-13,2023-24,Bournemouth,Man United,Draw,1,2.0,1.6,2.0,6.6,1.8,2.0,1.0,4.8,1.0,0.19999999999999996,-0.3999999999999999,1.7999999999999998
2024-04-14,2023-24,West Ham,Fulham,Away Win,2,1.8,1.8,1.2,4.2,1.6,1.8,0.8,5.8,0.3999999999999999,0.19999999999999996,0.0,-1.5999999999999996
2024-04-14,2023-24,Arsenal,Aston Villa,Away Win,2,2.6,0.2,2.6,5.8,1.4,2.4,1.0,3.4,1.6,1.2000000000000002,-2.1999999999999997,2.4
2024-04-14,2023-24,Liverpool,Crystal Palace,Away Win,2,1.8,1.0,2.2,6.4,1.0,2.0,0.4,2.8,1.8000000000000003,0.8,-1.0,3.6000000000000005
2024-04-15,2023-24,Chelsea,Everton,Home Win,0,2.6,2.2,1.8,8.0,0.8,1.6,0.8,5.2,1.0,1.8,0.6000000000000001,2.8
2024-04-20,2023-24,Luton,Brentford,Away Win,2,1.0,2.2,0.8,3.8,1.4,1.2,1.2,4.0,-0.3999999999999999,-0.3999999999999999,1.0000000000000002,-0.20000000000000018
2024-04-20,2023-24,Sheffield United,Burnley,Away Win,2,1.6,2.4,0.6,4.8,1.2,1.2,1.2,4.6,-0.6,0.40000000000000013,1.2,0.20000000000000018
2024-04-20,2023-24,Wolves,Arsenal,Away Win,2,1.2,1.6,1.0,3.8,1.4,0.6,2.0,4.6,-1.0,-0.19999999999999996,1.0,-0.7999999999999998
2024-04-21,2023-24,Everton,Nott'm Forest,Home Win,0,0.6,2.2,0.8,3.4,1.6,1.6,1.2,6.0,-0.3999999999999999,-1.0,0.6000000000000001,-2.6
2024-04-21,2023-24,Aston Villa,Bournemouth,Home Win,0,1.8,1.6,1.6,3.6,2.0,1.6,2.0,5.2,-0.3999999999999999,-0.19999999999999996,0.0,-1.6
2024-04-21,2023-24,Crystal Palace,West Ham,Home Win,0,1.0,1.4,1.0,3.6,1.4,1.8,1.0,4.2,0.0,-0.3999999999999999,-0.40000000000000013,-0.6000000000000001
2024-04-21,2023-24,Fulham,Liverpool,Away Win,2,1.8,1.4,1.4,6.6,1.6,1.2,1.6,7.2,-0.20000000000000018,0.19999999999999996,0.19999999999999996,-0.6000000000000005
2024-04-23,2023-24,Arsenal,Chelsea,Home Win,0,1.4,0.4,2.0,5.2,3.4,1.8,2.2,8.8,-0.20000000000000018,-2.0,-1.4,-3.6000000000000005
2024-04-24,2023-24,Crystal Palace,Newcastle,Home Win,0,1.8,1.6,1.4,4.2,2.4,1.4,2.0,5.6,-0.6000000000000001,-0.5999999999999999,0.20000000000000018,-1.3999999999999995
2024-04-24,2023-24,Wolves,Bournemouth,Away Win,2,0.8,1.8,0.4,3.8,1.4,1.6,1.4,4.4,-0.9999999999999999,-0.5999999999999999,0.19999999999999996,-0.6000000000000005
2024-04-24,2023-24,Man United,Sheffield United,Home Win,0,2.0,1.8,1.2,5.0,1.4,2.8,0.4,5.2,0.7999999999999999,0.6000000000000001,-0.9999999999999998,-0.20000000000000018
2024-04-24,2023-24,Everton,Liverpool,Home Win,0,1.0,1.8,1.4,3.0,2.0,1.2,2.0,7.4,-0.6000000000000001,-1.0,0.6000000000000001,-4.4
2024-04-25,2023-24,Brighton,Man City,Away Win,2,0.6,1.2,1.0,4.4,2.8,1.0,2.2,7.8,-1.2000000000000002,-2.1999999999999997,0.19999999999999996,-3.3999999999999995
2024-04-27,2023-24,West Ham,Liverpool,Draw,1,1.6,2.6,0.8,3.4,1.6,1.4,1.4,7.2,-0.5999999999999999,0.0,1.2000000000000002,-3.8000000000000003
2024-04-27,2023-24,Fulham,Crystal Palace,Draw,1,1.4,2.0,0.8,6.2,2.0,1.4,1.8,5.0,-1.0,-0.6000000000000001,0.6000000000000001,1.2000000000000002
2024-04-27,2023-24,Man United,Burnley,Draw,1,2.4,2.2,1.2,6.0,1.6,1.2,1.2,5.2,0.0,0.7999999999999998,1.0000000000000002,0.7999999999999998
2024-04-27,2023-24,Newcastle,Sheffield United,Home Win,0,2.0,1.2,2.0,5.4,1.2,3.0,0.2,5.2,1.8,0.8,-1.8,0.20000000000000018
2024-04-27,2023-24,Wolves,Luton,Home Win,0,0.8,1.6,0.4,4.0,1.0,3.0,0.6,3.6,-0.19999999999999996,-0.19999999999999996,-1.4,0.3999999999999999
2024-04-27,2023-24,Everton,Brentford,Home Win,0,1.2,1.4,2.0,3.6,2.2,1.0,1.8,4.8,0.19999999999999996,-1.0000000000000002,0.3999999999999999,-1.1999999999999997
2024-04-27,2023-24,Aston Villa,Chelsea,Draw,1,2.2,1.6,2.0,3.4,2.8,2.4,1.6,7.4,0.3999999999999999,-0.5999999999999996,-0.7999999999999998,-4.0
2024-04-28,2023-24,Tottenham,Arsenal,Away Win,2,1.2,2.0,1.4,4.4,2.4,0.4,2.4,6.8,-1.0,-1.2,1.6,-2.3999999999999995
2024-04-28,2023-24,Nott'm Forest,Man City,Away Win,2,1.4,1.8,1.0,5.4,3.4,0.8,2.6,7.8,-1.6,-2.0,1.0,-2.3999999999999995
2024-04-28,2023-24,Bournemouth,Brighton,Home Win,0,1.2,1.4,1.4,4.8,0.4,2.0,0.4,4.4,0.9999999999999999,0.7999999999999999,-0.6000000000000001,0.39999999999999947
2024-05-02,2023-24,Chelsea,Tottenham,Home Win,0,2.8,2.4,1.6,5.8,1.6,2.0,1.4,3.8,0.20000000000000018,1.1999999999999997,0.3999999999999999,2.0
2024-05-03,2023-24,Luton,Everton,Draw,1,1.0,3.0,0.6,4.2,1.2,1.2,2.4,3.2,-1.7999999999999998,-0.19999999999999996,1.8,1.0
2024-05-04,2023-24,Sheffield United,Nott'm Forest,Away Win,2,1.2,3.4,0.2,5.6,1.2,2.0,0.8,4.8,-0.6000000000000001,0.0,1.4,0.7999999999999998
2024-05-04,2023-24,Man City,Wolves,Home Win,0,3.8,0.8,3.0,8.6,1.0,1.6,0.8,4.6,2.2,2.8,-0.8,4.0
2024-05-04,2023-24,Arsenal,Bournemouth,Home Win,0,2.6,0.8,2.4,6.6,1.6,1.4,1.4,4.8,1.0,1.0,-0.5999999999999999,1.7999999999999998
2024-05-04,2023-24,Brentford,Fulham,Draw,1,2.0,1.0,1.6,4.6,1.0,1.6,0.8,4.8,0.8,1.0,-0.6000000000000001,-0.20000000000000018
2024-05-04,2023-24,Burnley,Newcastle,Away Win,2,1.4,1.0,1.2,5.2,2.2,0.8,2.0,5.0,-0.8,-0.8000000000000003,0.19999999999999996,0.20000000000000018
2024-05-05,2023-24,Liverpool,Tottenham,Home Win,0,1.4,1.6,1.0,7.0,1.2,2.2,0.8,3.6,0.19999999999999996,0.19999999999999996,-0.6000000000000001,3.4
2024-05-05,2023-24,Brighton,Aston Villa,Home Win,0,0.2,2.2,0.4,4.0,2.2,2.0,1.6,3.2,-1.2000000000000002,-2.0,0.20000000000000018,0.7999999999999998
2024-05-05,2023-24,Chelsea,West Ham,Home Win,0,2.4,1.8,1.6,4.8,1.4,2.2,1.0,4.2,0.6000000000000001,1.0,-0.40000000000000013,0.5999999999999996
2024-05-06,2023-24,Crystal Palace,Man United,Home Win,0,2.2,1.4,2.0,5.4,2.4,2.2,1.2,7.0,0.8,-0.19999999999999973,-0.8000000000000003,-1.5999999999999996
2024-05-11,2023-24,Bournemouth,Brentford,Away Win,2,1.4,1.6,1.4,5.0,2.0,1.0,1.6,4.8,-0.20000000000000018,-0.6000000000000001,0.6000000000000001,0.20000000000000018
2024-05-11,2023-24,Fulham,Man City,Away Win,2,0.8,1.0,1.0,4.8,4.0,0.8,3.0,8.8,-2.0,-3.2,0.19999999999999996,-4.000000000000001
2024-05-11,2023-24,Everton,Sheffield United,Home Win,0,1.2,1.4,2.0,3.2,1.0,3.6,0.0,5.4,2.0,0.19999999999999996,-2.2,-2.2
2024-05-11,2023-24,Newcastle,Brighton,Draw,1,2.8,0.8,2.4,6.0,0.4,2.2,0.8,4.4,1.5999999999999999,2.4,-1.4000000000000001,1.5999999999999996
2024-05-11,2023-24,Tottenham,Burnley,Home Win,0,1.4,2.8,0.6,4.0,1.4,1.6,1.0,5.0,-0.4,0.0,1.1999999999999997,-1.0
2024-05-11,2023-24,West Ham,Luton,Home Win,0,1.2,3.0,0.8,3.8,1.2,2.8,0.8,5.0,0.0,0.0,0.20000000000000018,-1.2000000000000002
2024-05-11,2023-24,Nott'm Forest,Chelsea,Away Win,2,1.2,2.0,0.8,4.8,3.0,1.4,2.0,7.0,-1.2,-1.8,0.6000000000000001,-2.2
2024-05-11,2023-24,Wolves,Crystal Palace,Away Win,2,1.0,2.2,0.8,3.4,2.6,0.6,2.6,6.6,-1.8,-1.6,1.6,-3.1999999999999997
2024-05-12,2023-24,Man United,Arsenal,Away Win,2,1.8,2.2,1.2,6.4,2.6,0.8,2.4,7.0,-1.2,-0.8,1.4000000000000001,-0.5999999999999996
2024-05-13,2023-24,Aston Villa,Liverpool,Draw,1,2.0,1.4,1.6,2.8,1.8,1.6,1.4,8.2,0.20000000000000018,0.19999999999999996,-0.20000000000000018,-5.3999999999999995
2024-05-14,2023-24,Tottenham,Man City,Away Win,2,1.2,2.8,0.6,4.4,4.0,0.4,3.0,9.0,-2.4,-2.8,2.4,-4.6
2024-05-15,2023-24,Brighton,Chelsea,Away Win,2,0.6,1.8,1.0,4.8,2.4,1.8,2.0,6.0,-1.0,-1.7999999999999998,0.0,-1.2000000000000002
2024-05-15,2023-24,Man United,Newcastle,Home Win,0,1.4,2.0,1.0,5.8,2.8,1.0,2.0,6.4,-1.0,-1.4,1.0,-0.6000000000000005
2024-05-19,2023-24,Arsenal,Everton,Home Win,0,2.8,0.4,3.0,7.2,1.4,0.2,2.6,4.0,0.3999999999999999,1.4,0.2,3.2
2024-05-19,2023-24,Brentford,Newcastle,Away Win,2,1.8,0.6,2.0,5.2,2.4,1.6,1.4,7.0,0.6000000000000001,-0.5999999999999999,-1.0,-1.7999999999999998
2024-05-19,2023-24,Brighton,Man United,Away Win,2,0.6,2.0,0.8,3.6,1.6,2.0,1.4,7.0,-0.5999999999999999,-1.0,0.0,-3.4
2024-05-19,2023-24,Burnley,Nott'm Forest,Away Win,2,1.6,1.8,1.0,5.4,1.4,2.0,0.8,4.4,0.19999999999999996,0.20000000000000018,-0.19999999999999996,1.0
2024-05-19,2023-24,Chelsea,Bournemouth,Home Win,0,2.8,1.0,2.6,7.0,1.2,1.6,1.2,4.8,1.4000000000000001,1.5999999999999999,-0.6000000000000001,2.2
2024-05-19,2023-24,Crystal Palace,Aston Villa,Home Win,0,3.0,0.8,2.6,6.2,2.0,1.4,1.6,3.2,1.0,1.0,-0.5999999999999999,3.0
2024-05-19,2023-24,Liverpool,Wolves,Home Win,0,2.4,2.0,1.6,8.4,0.8,2.4,0.6,4.0,1.0,1.5999999999999999,-0.3999999999999999,4.4
2024-05-19,2023-24,Luton,Fulham,Away Win,2,1.0,3.2,0.2,3.4,0.8,1.6,1.0,4.2,-0.8,0.19999999999999996,1.6,-0.8000000000000003
2024-05-19,2023-24,Man City,West Ham,Home Win,0,3.4,0.2,3.0,7.4,1.4,3.0,0.8,4.6,2.2,2.0,-2.8,2.8000000000000007
2024-05-19,2023-24,Sheffield United,Tottenham,Away Win,2,1.0,3.4,0.0,5.2,1.2,2.4,0.6,5.0,-0.6,-0.19999999999999996,1.0,0.20000000000000018
2024-08-16,2024-25,Man United,Fulham,Home Win,0,1.2,1.6,1.4,5.2,1.2,2.0,1.0,3.6,0.3999999999999999,0.0,-0.3999999999999999,1.6
2024-08-17,2024-25,Arsenal,Wolves,Home Win,0,2.8,0.6,3.0,6.4,0.8,2.4,0.6,4.0,2.4,1.9999999999999998,-1.7999999999999998,2.4000000000000004
2024-08-17,2024-25,Everton,Brighton,Away Win,2,1.2,0.6,2.0,3.6,0.6,1.6,0.8,3.6,1.2,0.6,-1.0,0.0
2024-08-17,2024-25,Newcastle,Southampton,Home Win,0,3.2,1.6,2.0,8.0,1.8,3.2,0.2,4.0,1.8,1.4000000000000001,-1.6,4.0
2024-08-17,2024-25,Nott'm Forest,Bournemouth,Draw,1,1.4,1.8,1.2,3.8,1.2,1.4,1.2,4.6,0.0,0.19999999999999996,0.40000000000000013,-0.7999999999999998
2024-08-17,2024-25,West Ham,Aston Villa,Away Win,2,1.6,3.2,0.8,4.2,1.6,2.4,1.0,3.2,-0.19999999999999996,0.0,0.8000000000000003,1.0
2024-08-18,2024-25,Brentford,Crystal Palace,Home Win,0,1.8,1.4,1.4,5.2,3.0,0.4,2.6,6.6,-1.2000000000000002,-1.2,0.9999999999999999,-1.3999999999999995
2024-08-18,2024-25,Chelsea,Man City,Away Win,2,2.8,0.8,3.0,7.2,3.2,0.4,3.0,8.6,0.0,-0.40000000000000036,0.4,-1.3999999999999995
2024-08-19,2024-25,Leicester,Tottenham,Draw,1,1.4,2.2,1.0,4.8,1.4,1.8,1.2,6.4,-0.19999999999999996,0.0,0.40000000000000013,-1.6000000000000005
2024-08-24,2024-25,Brighton,Man United,Home Win,0,1.2,1.0,1.4,4.4,1.2,1.4,1.8,4.2,-0.40000000000000013,0.0,-0.3999999999999999,0.20000000000000018
2024-08-24,2024-25,Crystal Palace,West Ham,Away Win,2,2.8,0.8,2.0,6.4,1.4,2.6,0.8,4.6,1.2,1.4,-1.8,1.8000000000000007
2024-08-24,2024-25,Fulham,Leicester,Home Win,0,1.0,1.6,1.0,3.0,1.2,2.0,1.0,4.2,0.0,-0.19999999999999996,-0.3999999999999999,-1.2000000000000002
2024-08-24,2024-25,Southampton,Nott'm Forest,Away Win,2,1.6,2.8,0.2,4.2,1.6,1.6,1.4,4.8,-1.2,0.0,1.1999999999999997,-0.5999999999999996
2024-08-24,2024-25,Tottenham,Everton,Home Win,0,1.6,1.6,1.4,7.2,0.8,1.2,1.4,2.6,0.0,0.8,0.40000000000000013,4.6
2024-08-24,2024-25,Aston Villa,Arsenal,Away Win,2,1.4,2.4,1.0,3.0,2.2,0.6,3.0,5.6,-2.0,-0.8000000000000003,1.7999999999999998,-2.5999999999999996
2024-08-25,2024-25,Bournemouth,Newcastle,Draw,1,1.2,1.6,0.8,4.2,2.4,1.4,2.0,6.8,-1.2,-1.2,0.20000000000000018,-2.5999999999999996
2024-08-25,2024-25,Wolves,Chelsea,Away Win,2,0.8,2.6,0.6,3.8,2.4,1.2,2.4,6.8,-1.7999999999999998,-1.5999999999999999,1.4000000000000001,-3.0
2024-08-25,2024-25,Liverpool,Brentford,Home Win,0,2.6,1.4,2.2,9.4,1.2,1.4,1.4,4.4,0.8000000000000003,1.4000000000000001,0.0,5.0
2024-08-31,2024-25,Arsenal,Brighton,Draw,1,2.0,0.2,3.0,5.8,1.4,1.2,1.4,3.8,1.6,0.6000000000000001,-1.0,2.0
2024-08-31,2024-25,Brentford,Southampton,Home Win,0,1.2,1.6,1.4,4.0,1.0,2.2,0.2,3.4,1.2,0.19999999999999996,-0.6000000000000001,0.6000000000000001
2024-08-31,2024-25,Everton,Bournemouth,Away Win,2,0.6,2.0,0.8,2.6,0.8,1.8,0.4,3.8,0.4,-0.20000000000000007,0.19999999999999996,-1.1999999999999997
2024-08-31,2024-25,Leicester,Aston Villa,Away Win,2,0.8,1.4,1.0,3.2,1.0,2.4,0.8,2.8,0.19999999999999996,-0.19999999999999996,-1.0,0.40000000000000036
2024-08-31,2024-25,Nott'm Forest,Wolves,Draw,1,1.8,1.2,2.0,6.0,0.8,3.6,0.0,3.6,2.0,1.0,-2.4000000000000004,2.4
2024-08-31,2024-25,West Ham,Man City,Away Win,2,1.4,2.2,1.2,3.6,3.0,0.4,3.0,7.2,-1.8,-1.6,1.8000000000000003,-3.6
2024-09-01,2024-25,Chelsea,Crystal Palace,Draw,1,2.6,1.6,2.4,5.6,2.6,1.0,1.8,6.0,0.5999999999999999,0.0,0.6000000000000001,-0.40000000000000036
2024-09-01,2024-25,Newcastle,Tottenham,Home Win,0,1.8,1.4,1.6,5.6,2.0,0.8,2.0,7.4,-0.3999999999999999,-0.19999999999999996,0.5999999999999999,-1.8000000000000007
2024-09-01,2024-25,Man United,Liverpool,Away Win,2,1.4,1.0,1.8,4.6,2.6,1.0,2.6,9.4,-0.8,-1.2000000000000002,0.0,-4.800000000000001
2024-09-14,2024-25,Southampton,Man United,Away Win,2,1.2,2.4,0.2,4.4,1.4,1.4,1.8,4.8,-1.6,-0.19999999999999996,1.0,-0.39999999999999947
2024-09-14,2024-25,Brighton,Ipswich,Draw,1,1.4,1.2,1.4,3.8,0.6666666666666666,2.3333333333333335,0.3333333333333333,2.3333333333333335,1.0666666666666667,0.7333333333333333,-1.1333333333333335,1.4666666666666663
2024-09-14,2024-25,Crystal Palace,Leicester,Draw,1,2.0,1.2,1.4,4.6,1.0,1.2,1.0,3.0,0.3999999999999999,1.0,0.0,1.5999999999999996
2024-09-14,2024-25,Fulham,West Ham,Draw,1,1.4,1.8,1.4,4.0,1.6,1.8,1.2,3.6,0.19999999999999996,-0.20000000000000018,0.0,0.3999999999999999
2024-09-14,2024-25,Liverpool,Nott'm Forest,Away Win,2,2.4,0.6,2.6,7.4,1.4,1.2,1.6,6.2,1.0,1.0,-0.6,1.2000000000000002
2024-09-14,2024-25,Man City,Brentford,Home Win,0,2.8,0.6,3.0,7.0,1.8,1.8,1.8,4.8,1.2,0.9999999999999998,-1.2000000000000002,2.2
2024-09-14,2024-25,Aston Villa,Everton,Home Win,0,1.4,2.4,1.4,3.6,0.8,2.4,0.6,3.6,0.7999999999999999,0.5999999999999999,0.0,0.0
2024-09-14,2024-25,Bournemouth,Chelsea,Away Win,2,1.4,1.6,1.0,4.8,2.2,1.4,2.0,6.0,-1.0,-0.8000000000000003,0.20000000000000018,-1.2000000000000002
2024-09-15,2024-25,Tottenham,Arsenal,Away Win,2,1.8,1.0,1.4,6.8,1.6,0.4,2.6,5.4,-1.2000000000000002,0.19999999999999996,0.6,1.3999999999999995
2024-09-15,2024-25,Wolves,Newcastle,Away Win,2,0.8,2.8,0.2,4.0,2.0,1.4,2.0,4.8,-1.8,-1.2,1.4,-0.7999999999999998
2024-09-21,2024-25,Aston Villa,Wolves,Home Win,0,1.4,2.2,1.8,4.2,0.8,2.6,0.2,3.6,1.6,0.5999999999999999,-0.3999999999999999,0.6000000000000001
2024-09-21,2024-25,West Ham,Chelsea,Away Win,2,1.2,1.8,0.8,2.6,2.0,1.2,2.0,5.4,-1.2,-0.8,0.6000000000000001,-2.8000000000000003
2024-09-21,2024-25,Fulham,Newcastle,Home Win,0,1.6,1.2,1.6,4.8,2.0,1.0,2.6,4.4,-1.0,-0.3999999999999999,0.19999999999999996,0.39999999999999947
2024-09-21,2024-25,Leicester,Everton,Draw,1,1.4,1.6,1.0,3.6,1.0,3.0,0.0,2.8,1.0,0.3999999999999999,-1.4,0.8000000000000003
2024-09-21,2024-25,Liverpool,Bournemouth,Home Win,0,1.8,0.2,2.4,7.0,1.2,1.4,1.0,5.4,1.4,0.6000000000000001,-1.2,1.5999999999999996
2024-09-21,2024-25,Crystal Palace,Man United,Draw,1,1.8,1.4,1.0,4.8,1.4,1.0,1.8,5.2,-0.8,0.40000000000000013,0.3999999999999999,-0.40000000000000036
2024-09-21,2024-25,Tottenham,Brentford,Home Win,0,1.8,0.8,1.4,6.8,1.6,2.0,1.2,4.8,0.19999999999999996,0.19999999999999996,-1.2,2.0
2024-09-21,2024-25,Southampton,Ipswich,Draw,1,1.0,2.4,0.2,5.0,0.5,1.75,0.5,2.0,-0.3,0.5,0.6499999999999999,3.0
2024-09-22,2024-25,Brighton,Nott'm Forest,Draw,1,1.2,0.8,1.6,4.6,1.2,0.6,2.2,6.0,-0.6000000000000001,0.0,0.20000000000000007,-1.4000000000000004
2024-09-22,2024-25,Man City,Arsenal,Draw,1,2.8,0.8,3.0,7.4,1.6,0.4,2.6,5.2,0.3999999999999999,1.1999999999999997,0.4,2.2
2024-09-28,2024-25,Newcastle,Man City,Draw,1,1.4,1.2,2.0,3.8,2.6,1.0,2.6,7.2,-0.6000000000000001,-1.2000000000000002,0.19999999999999996,-3.4000000000000004
2024-09-28,2024-25,Arsenal,Leicester,Home Win,0,1.6,0.6,2.2,4.8,1.2,1.6,0.6,3.2,1.6,0.40000000000000013,-1.0,1.5999999999999996
2024-09-28,2024-25,Brentford,West Ham,Draw,1,1.4,1.8,1.2,5.0,1.0,1.8,0.8,3.6,0.3999999999999999,0.3999999999999999,0.0,1.4
2024-09-28,2024-25,Chelsea,Brighton,Home Win,0,2.2,1.0,2.0,5.2,1.6,0.8,1.8,4.6,0.19999999999999996,0.6000000000000001,0.19999999999999996,0.6000000000000005
2024-09-28,2024-25,Everton,Crystal Palace,Home Win,0,1.0,2.8,0.2,3.4,0.8,1.4,0.6,3.8,-0.39999999999999997,0.19999999999999996,1.4,-0.3999999999999999
2024-09-28,2024-25,Nott'm Forest,Fulham,Away Win,2,1.2,0.8,1.8,5.4,1.4,1.0,1.6,5.6,0.19999999999999996,-0.19999999999999996,-0.19999999999999996,-0.1999999999999993
2024-09-28,2024-25,Wolves,Liverpool,Away Win,2,1.0,2.8,0.2,3.8,2.0,0.2,2.4,6.8,-2.1999999999999997,-1.0,2.5999999999999996,-3.0
2024-09-29,2024-25,Ipswich,Aston Villa,Draw,1,0.6,1.6,0.6,2.8,2.0,1.4,2.4,4.6,-1.7999999999999998,-1.4,0.20000000000000018,-1.7999999999999998
2024-09-29,2024-25,Man United,Tottenham,Away Win,2,1.0,1.0,1.4,5.6,1.8,1.0,1.4,7.0,0.0,-0.8,0.0,-1.4000000000000004
2024-09-30,2024-25,Bournemouth,Southampton,Home Win,0,1.0,1.6,1.0,5.6,0.4,1.8,0.2,3.6,0.8,0.6,-0.19999999999999996,1.9999999999999996
2024-10-05,2024-25,Crystal Palace,Liverpool,Away Win,2,0.8,1.4,0.6,3.6,2.0,0.4,2.4,7.0,-1.7999999999999998,-1.2,0.9999999999999999,-3.4
2024-10-05,2024-25,Arsenal,Southampton,Home Win,0,2.0,1.0,2.2,6.8,0.6,2.2,0.2,3.4,2.0,1.4,-1.2000000000000002,3.4
2024-10-05,2024-25,Brentford,Wolves,Home Win,0,1.2,1.8,0.8,4.6,1.2,2.8,0.2,3.8,0.6000000000000001,0.0,-0.9999999999999998,0.7999999999999998
2024-10-05,2024-25,Leicester,Bournemouth,Home Win,0,1.4,2.2,0.4,3.2,1.4,1.6,1.4,6.0,-0.9999999999999999,0.0,0.6000000000000001,-2.8
2024-10-05,2024-25,Man City,Fulham,Home Win,0,2.4,1.2,2.2,7.4,1.6,0.8,2.2,5.6,0.0,0.7999999999999998,0.3999999999999999,1.8000000000000007
2024-10-05,2024-25,West Ham,Ipswich,Home Win,0,1.0,1.6,1.0,3.6,1.0,1.6,0.8,3.4,0.19999999999999996,0.0,0.0,0.20000000000000018
2024-10-05,2024-25,Everton,Newcastle,Draw,1,1.4,2.4,0.8,3.6,1.4,1.4,1.6,4.4,-0.8,0.0,1.0,-0.8000000000000003
2024-10-06,2024-25,Aston Villa,Man United,Draw,1,2.0,1.6,2.0,4.6,0.8,1.6,0.8,5.0,1.2,1.2,0.0,-0.40000000000000036
2024-10-06,2024-25,Chelsea,Nott'm Forest,Draw,1,3.0,1.0,2.6,6.0,1.0,0.8,1.6,4.0,1.0,2.0,0.19999999999999996,2.0
2024-10-06,2024-25,Brighton,Tottenham,Home Win,0,1.4,1.6,1.2,4.6,2.2,0.8,1.8,7.6,-0.6000000000000001,-0.8000000000000003,0.8,-3.0
2024-10-19,2024-25,Ipswich,Everton,Away Win,2,1.0,1.6,0.8,3.6,1.4,1.6,1.0,3.8,-0.19999999999999996,-0.3999999999999999,0.0,-0.19999999999999973
2024-10-19,2024-25,Tottenham,West Ham,Home Win,0,1.8,1.4,1.2,6.8,1.4,1.8,1.0,5.6,0.19999999999999996,0.40000000000000013,-0.40000000000000013,1.2000000000000002
2024-10-19,2024-25,Fulham,Aston Villa,Away Win,2,1.6,1.2,1.6,5.2,2.0,1.2,2.2,4.2,-0.6000000000000001,-0.3999999999999999,0.0,1.0
2024-10-19,2024-25,Man United,Brentford,Home Win,0,0.6,1.2,1.0,5.0,2.2,2.0,1.4,6.6,-0.3999999999999999,-1.6,-0.8,-1.5999999999999996
2024-10-19,2024-25,Southampton,Leicester,Away Win,2,0.8,2.6,0.2,3.6,1.4,1.8,1.0,2.8,-0.8,-0.5999999999999999,0.8,0.8000000000000003
2024-10-19,2024-25,Bournemouth,Arsenal,Home Win,0,1.2,1.6,1.2,5.6,2.2,1.2,2.2,7.2,-1.0000000000000002,-1.0000000000000002,0.40000000000000013,-1.6000000000000005
2024-10-19,2024-25,Newcastle,Brighton,Away Win,2,1.2,1.2,1.6,4.0,1.6,1.8,1.2,4.4,0.40000000000000013,-0.40000000000000013,-0.6000000000000001,-0.40000000000000036
2024-10-20,2024-25,Wolves,Man City,Away Win,2,1.4,2.6,0.2,4.2,2.2,1.4,2.2,7.8,-2.0,-0.8000000000000003,1.2000000000000002,-3.5999999999999996
2024-10-20,2024-25,Liverpool,Chelsea,Home Win,0,1.8,0.4,2.4,6.2,2.0,0.8,2.2,6.0,0.19999999999999973,-0.19999999999999996,-0.4,0.20000000000000018
2024-10-21,2024-25,Nott'm Forest,Crystal Palace,Home Win,0,1.0,1.0,1.2,4.2,0.8,1.2,0.6,4.2,0.6,0.19999999999999996,-0.19999999999999996,0.0
2024-10-25,2024-25,Leicester,Nott'm Forest,Away Win,2,1.8,1.8,1.6,3.0,1.0,0.8,1.6,4.4,0.0,0.8,1.0,-1.4000000000000004
2024-10-26,2024-25,Aston Villa,Bournemouth,Draw,1,2.2,1.2,2.2,4.2,1.0,1.2,1.2,5.0,1.0000000000000002,1.2000000000000002,0.0,-0.7999999999999998
2024-10-26,2024-25,Brentford,Ipswich,Home Win,0,1.8,2.2,0.8,5.6,0.8,1.8,0.6,3.2,0.20000000000000007,1.0,0.40000000000000013,2.3999999999999995
2024-10-26,2024-25,Brighton,Wolves,Draw,1,1.6,1.6,1.6,4.6,1.4,2.8,0.0,4.0,1.6,0.20000000000000018,-1.1999999999999997,0.5999999999999996
2024-10-26,2024-25,Man City,Southampton,Home Win,0,2.0,1.4,2.2,7.6,1.0,2.6,0.2,3.8,2.0,1.0,-1.2000000000000002,3.8
2024-10-26,2024-25,Everton,Fulham,Draw,1,1.4,1.0,1.6,3.8,1.6,1.6,1.4,5.2,0.20000000000000018,-0.20000000000000018,-0.6000000000000001,-1.4000000000000004
2024-10-27,2024-25,Chelsea,Newcastle,Home Win,0,2.0,1.0,2.0,5.0,0.8,1.2,1.0,4.6,1.0,1.2,-0.19999999999999996,0.40000000000000036
2024-10-27,2024-25,Crystal Palace,Tottenham,Home Win,0,0.6,1.2,0.4,5.0,2.4,1.2,1.8,7.0,-1.4,-1.7999999999999998,0.0,-2.0
2024-10-27,2024-25,West Ham,Man United,Home Win,0,1.4,2.0,1.0,6.0,1.0,0.8,1.6,6.6,-0.6000000000000001,0.3999999999999999,1.2,-0.5999999999999996
2024-10-27,2024-25,Arsenal,Liverpool,Draw,1,2.0,1.4,2.0,6.0,1.6,0.6,2.4,6.6,-0.3999999999999999,0.3999999999999999,0.7999999999999999,-0.5999999999999996
2024-11-02,2024-25,Newcastle,Arsenal,Home Win,0,0.6,1.4,0.4,4.0,2.2,1.8,1.6,5.8,-1.2000000000000002,-1.6,-0.40000000000000013,-1.7999999999999998
2024-11-02,2024-25,Bournemouth,Man City,Home Win,0,1.2,1.2,1.4,4.2,1.8,1.2,2.2,7.8,-0.8000000000000003,-0.6000000000000001,0.0,-3.5999999999999996
2024-11-02,2024-25,Ipswich,Leicester,Draw,1,1.4,2.6,0.4,4.0,1.6,2.0,1.4,2.4,-0.9999999999999999,-0.20000000000000018,0.6000000000000001,1.6
2024-11-02,2024-25,Liverpool,Brighton,Home Win,0,2.0,0.8,2.6,6.4,2.0,2.0,1.6,4.6,1.0,0.0,-1.2,1.8000000000000007
2024-11-02,2024-25,Nott'm Forest,West Ham,Home Win,0,1.4,1.0,1.6,4.8,1.6,2.0,1.4,6.0,0.20000000000000018,-0.20000000000000018,-1.0,-1.2000000000000002
2024-11-02,2024-25,Southampton,Everton,Home Win,0,1.0,2.2,0.2,3.4,1.2,0.6,1.8,4.4,-1.6,-0.19999999999999996,1.6,-1.0000000000000004
2024-11-02,2024-25,Wolves,Crystal Palace,Draw,1,1.6,2.8,0.2,4.4,0.4,0.8,0.8,5.4,-0.6000000000000001,1.2000000000000002,1.9999999999999998,-1.0
2024-11-03,2024-25,Tottenham,Aston Villa,Home Win,0,2.4,1.2,1.8,6.6,1.8,1.0,1.8,4.2,0.0,0.5999999999999999,0.19999999999999996,2.3999999999999995
2024-11-03,2024-25,Man United,Chelsea,Draw,1,0.6,1.2,1.0,5.6,2.2,1.2,2.0,5.8,-1.0,-1.6,0.0,-0.20000000000000018
2024-11-04,2024-25,Fulham,Brentford,Home Win,0,1.6,1.6,1.4,4.8,2.4,2.4,1.4,6.4,0.0,-0.7999999999999998,-0.7999999999999998,-1.6000000000000005
2024-11-09,2024-25,Crystal Palace,Fulham,Away Win,2,0.8,1.2,0.8,6.0,1.4,1.6,1.4,5.0,-0.5999999999999999,-0.5999999999999999,-0.40000000000000013,1.0
2024-11-09,2024-25,Brentford,Bournemouth,Home Win,0,2.4,2.2,1.4,5.6,1.6,0.8,2.0,4.2,-0.6000000000000001,0.7999999999999998,1.4000000000000001,1.3999999999999995
2024-11-09,2024-25,West Ham,Everton,Draw,1,1.6,2.0,1.4,5.0,1.0,0.6,1.6,4.4,-0.20000000000000018,0.6000000000000001,1.4,0.5999999999999996
2024-11-09,2024-25,Wolves,Southampton,Home Win,0,1.8,2.6,0.4,4.8,1.0,2.0,0.6,3.2,-0.19999999999999996,0.8,0.6000000000000001,1.5999999999999996
2024-11-09,2024-25,Liverpool,Aston Villa,Home Win,0,1.8,1.0,2.6,5.4,1.4,1.6,1.2,3.6,1.4000000000000001,0.40000000000000013,-0.6000000000000001,1.8000000000000003
2024-11-09,2024-25,Brighton,Man City,Home Win,0,1.8,2.0,1.4,5.0,1.6,1.2,2.0,6.4,-0.6000000000000001,0.19999999999999996,0.8,-1.4000000000000004
2024-11-10,2024-25,Man United,Leicester,Home Win,0,0.8,1.4,1.0,5.2,1.6,2.0,1.4,3.2,-0.3999999999999999,-0.8,-0.6000000000000001,2.0
2024-11-10,2024-25,Nott'm Forest,Newcastle,Away Win,2,1.6,0.6,2.0,5.4,0.6,0.8,1.0,4.0,1.0,1.0,-0.20000000000000007,1.4000000000000004
2024-11-10,2024-25,Tottenham,Ipswich,Away Win,2,2.6,1.2,1.8,5.8,1.4,2.6,0.4,3.2,1.4,1.2000000000000002,-1.4000000000000001,2.5999999999999996
2024-11-10,2024-25,Chelsea,Arsenal,Draw,1,1.8,1.4,1.6,5.4,1.8,1.6,1.4,5.4,0.20000000000000018,0.0,-0.20000000000000018,0.0
2024-11-23,2024-25,Leicester,Chelsea,Away Win,2,1.2,1.8,1.4,3.6,1.2,1.2,1.2,4.6,0.19999999999999996,0.0,0.6000000000000001,-0.9999999999999996
2024-11-23,2024-25,Arsenal,Nott'm Forest,Home Win,0,1.2,1.4,1.0,2.8,1.8,1.0,2.0,5.8,-1.0,-0.6000000000000001,0.3999999999999999,-3.0
2024-11-23,2024-25,Aston Villa,Crystal Palace,Draw,1,1.0,1.6,1.0,3.4,0.6,1.2,0.8,6.0,0.19999999999999996,0.4,0.40000000000000013,-2.6
2024-11-23,2024-25,Bournemouth,Brighton,Away Win,2,1.4,1.2,1.4,3.6,1.8,1.4,2.0,4.8,-0.6000000000000001,-0.40000000000000013,-0.19999999999999996,-1.1999999999999997
2024-11-23,2024-25,Everton,Brentford,Draw,1,0.6,0.4,1.2,4.8,2.8,2.4,1.8,6.2,-0.6000000000000001,-2.1999999999999997,-2.0,-1.4000000000000004
2024-11-23,2024-25,Fulham,Wolves,Away Win,2,1.6,1.6,1.4,6.0,2.0,2.2,1.0,5.0,0.3999999999999999,-0.3999999999999999,-0.6000000000000001,1.0
2024-11-23,2024-25,Man City,Tottenham,Away Win,2,1.6,1.4,1.8,6.4,2.2,1.6,1.2,4.8,0.6000000000000001,-0.6000000000000001,-0.20000000000000018,1.6000000000000005
2024-11-24,2024-25,Southampton,Liverpool,Away Win,2,0.8,1.8,0.6,2.6,1.8,0.8,2.6,5.2,-2.0,-1.0,1.0,-2.6
2024-11-24,2024-25,Ipswich,Man United,Draw,1,1.4,2.4,0.8,2.8,1.4,0.8,1.6,5.4,-0.8,0.0,1.5999999999999999,-2.6000000000000005
2024-11-25,2024-25,Newcastle,West Ham,Away Win,2,1.0,0.8,1.4,4.4,1.4,1.8,1.4,5.6,0.0,-0.3999999999999999,-1.0,-1.1999999999999993
2024-11-29,2024-25,Brighton,Southampton,Draw,1,1.6,1.2,2.0,4.8,1.0,1.8,0.6,3.2,1.4,0.6000000000000001,-0.6000000000000001,1.5999999999999996
2024-11-30,2024-25,Brentford,Leicester,Home Win,0,1.8,1.8,1.4,4.2,1.2,2.2,0.8,3.4,0.5999999999999999,0.6000000000000001,-0.40000000000000013,0.8000000000000003
2024-11-30,2024-25,Crystal Palace,Newcastle,Draw,1,1.0,1.4,1.0,6.2,1.0,1.2,1.2,4.2,-0.19999999999999996,0.0,0.19999999999999996,2.0
2024-11-30,2024-25,Nott'm Forest,Ipswich,Home Win,0,1.6,1.4,1.8,4.0,1.4,1.8,1.0,3.6,0.8,0.20000000000000018,-0.40000000000000013,0.3999999999999999
2024-11-30,2024-25,Wolves,Bournemouth,Away Win,2,2.2,1.4,1.6,4.8,1.6,1.4,1.4,4.2,0.20000000000000018,0.6000000000000001,0.0,0.5999999999999996
2024-11-30,2024-25,West Ham,Arsenal,Away Win,2,1.0,1.6,1.4,4.2,1.2,1.2,1.0,3.0,0.3999999999999999,-0.19999999999999996,0.40000000000000013,1.2000000000000002
2024-12-01,2024-25,Chelsea,Aston Villa,Home Win,0,1.4,1.2,1.6,4.4,1.4,2.0,1.0,4.2,0.6000000000000001,0.0,-0.8,0.20000000000000018
2024-12-01,2024-25,Man United,Everton,Home Win,0,1.6,1.0,1.6,5.4,0.6,0.4,1.2,5.4,0.40000000000000013,1.0,0.6,0.0
2024-12-01,2024-25,Tottenham,Fulham,Draw,1,2.6,1.0,1.8,5.6,1.4,1.8,1.4,5.8,0.40000000000000013,1.2000000000000002,-0.8,-0.20000000000000018
2024-12-01,2024-25,Liverpool,Man City,Home Win,0,2.2,1.2,2.6,6.6,1.0,1.8,1.2,6.0,1.4000000000000001,1.2000000000000002,-0.6000000000000001,0.5999999999999996
2024-12-03,2024-25,Ipswich,Crystal Palace,Away Win,2,1.4,1.6,1.0,3.8,1.2,1.4,1.2,5.6,-0.19999999999999996,0.19999999999999996,0.20000000000000018,-1.7999999999999998
2024-12-03,2024-25,Leicester,West Ham,Home Win,0,0.8,2.6,0.2,3.2,1.2,1.8,1.4,4.4,-1.2,-0.3999999999999999,0.8,-1.2000000000000002
2024-12-04,2024-25,Newcastle,Liverpool,Draw,1,1.2,1.2,1.4,3.0,2.2,1.0,2.6,7.0,-1.2000000000000002,-1.0000000000000002,0.19999999999999996,-4.0
2024-12-04,2024-25,Man City,Nott'm Forest,Home Win,0,0.6,2.0,0.6,5.0,1.6,1.4,1.8,3.8,-1.2000000000000002,-1.0,0.6000000000000001,1.2000000000000002
2024-12-04,2024-25,Everton,Wolves,Home Win,0,0.2,1.2,0.6,4.2,2.4,1.8,1.6,5.0,-1.0,-2.1999999999999997,-0.6000000000000001,-0.7999999999999998
2024-12-04,2024-25,Aston Villa,Brentford,Home Win,0,0.8,2.4,0.4,4.0,2.4,1.6,2.0,5.0,-1.6,-1.5999999999999999,0.7999999999999998,-1.0
2024-12-04,2024-25,Arsenal,Man United,Home Win,0,2.2,1.2,1.6,4.2,2.0,0.8,1.6,4.2,0.0,0.20000000000000018,0.3999999999999999,0.0
2024-12-04,2024-25,Southampton,Chelsea,Away Win,2,0.8,1.4,0.8,2.2,1.8,0.8,2.2,5.6,-1.4000000000000001,-1.0,0.5999999999999999,-3.3999999999999995
2024-12-05,2024-25,Fulham,Brighton,Home Win,0,1.4,1.4,1.6,6.2,1.6,1.4,1.6,4.8,0.0,-0.20000000000000018,0.0,1.4000000000000004
2024-12-05,2024-25,Bournemouth,Tottenham,Home Win,0,2.0,1.8,1.4,5.0,2.0,1.0,1.4,4.8,0.0,0.0,0.8,0.20000000000000018
2024-12-07,2024-25,Aston Villa,Southampton,Home Win,0,1.2,2.4,0.8,4.4,1.0,2.2,0.8,2.6,0.0,0.19999999999999996,0.19999999999999973,1.8000000000000003
2024-12-07,2024-25,Brentford,Newcastle,Home Win,0,1.8,1.6,1.4,3.4,1.6,1.4,1.6,3.6,-0.20000000000000018,0.19999999999999996,0.20000000000000018,-0.20000000000000018
2024-12-07,2024-25,Crystal Palace,Man City,Draw,1,1.2,1.4,1.2,5.0,1.0,2.0,0.6,4.8,0.6,0.19999999999999996,-0.6000000000000001,0.20000000000000018
2024-12-07,2024-25,Man United,Nott'm Forest,Away Win,2,1.8,0.8,1.6,3.6,1.0,1.8,1.2,3.4,0.40000000000000013,0.8,-1.0,0.20000000000000018
2024-12-08,2024-25,Fulham,Arsenal,Draw,1,1.8,1.4,2.0,6.0,2.2,0.8,2.0,4.8,0.0,-0.40000000000000013,0.5999999999999999,1.2000000000000002
2024-12-08,2024-25,Ipswich,Bournemouth,Away Win,2,0.8,1.0,1.0,3.2,2.0,1.6,1.8,6.0,-0.8,-1.2,-0.6000000000000001,-2.8
2024-12-08,2024-25,Leicester,Brighton,Draw,1,1.2,2.2,0.8,4.2,1.4,1.6,1.4,4.2,-0.5999999999999999,-0.19999999999999996,0.6000000000000001,0.0
2024-12-08,2024-25,Tottenham,Chelsea,Away Win,2,2.0,1.0,1.4,5.0,2.4,0.8,2.2,6.8,-0.8000000000000003,-0.3999999999999999,0.19999999999999996,-1.7999999999999998
2024-12-09,2024-25,West Ham,Wolves,Home Win,0,1.0,2.2,0.8,5.8,2.0,2.2,1.4,4.0,-0.5999999999999999,-1.0,0.0,1.7999999999999998
2024-12-14,2024-25,Arsenal,Everton,Draw,1,2.4,0.8,2.2,5.4,0.8,1.0,1.0,4.0,1.2000000000000002,1.5999999999999999,-0.19999999999999996,1.4000000000000004
2024-12-14,2024-25,Liverpool,Fulham,Draw,1,2.4,1.2,2.6,7.2,1.6,1.4,1.6,4.0,1.0,0.7999999999999998,-0.19999999999999996,3.2
2024-12-14,2024-25,Newcastle,Leicester,Home Win,0,1.8,2.2,1.0,3.4,1.4,2.4,0.8,3.6,0.19999999999999996,0.40000000000000013,-0.19999999999999973,-0.20000000000000018
2024-12-14,2024-25,Wolves,Ipswich,Away Win,2,1.8,2.2,1.2,3.8,0.8,1.2,0.8,3.8,0.3999999999999999,1.0,1.0000000000000002,0.0
2024-12-14,2024-25,Nott'm Forest,Aston Villa,Home Win,0,1.0,2.2,1.2,2.8,1.2,1.6,1.4,5.2,-0.19999999999999996,-0.19999999999999996,0.6000000000000001,-2.4000000000000004
2024-12-15,2024-25,Brighton,Crystal Palace,Away Win,2,1.6,1.6,1.6,4.6,1.2,1.4,1.2,4.2,0.40000000000000013,0.40000000000000013,0.20000000000000018,0.39999999999999947
2024-12-15,2024-25,Man City,Man United,Away Win,2,1.2,2.0,0.8,4.8,2.0,1.2,1.4,4.2,-0.5999999999999999,-0.8,0.8,0.5999999999999996
2024-12-15,2024-25,Chelsea,Brentford,Home Win,0,3.0,1.2,2.6,7.8,2.4,1.6,2.0,4.6,0.6000000000000001,0.6000000000000001,-0.40000000000000013,3.2
2024-12-15,2024-25,Southampton,Tottenham,Away Win,2,0.8,2.4,0.2,2.2,1.8,1.6,0.8,4.8,-0.6000000000000001,-1.0,0.7999999999999998,-2.5999999999999996
2024-12-16,2024-25,Bournemouth,West Ham,Draw,1,2.0,1.6,1.8,6.0,1.4,1.8,1.4,6.2,0.40000000000000013,0.6000000000000001,-0.19999999999999996,-0.20000000000000018
2024-12-21,2024-25,Brentford,Nott'm Forest,Away Win,2,2.0,1.6,1.4,4.2,1.2,1.8,1.8,3.4,-0.40000000000000013,0.8,-0.19999999999999996,0.8000000000000003
2024-12-21,2024-25,West Ham,Brighton,Draw,1,1.6,2.0,1.4,5.6,1.4,2.0,1.0,4.8,0.3999999999999999,0.20000000000000018,0.0,0.7999999999999998
2024-12-21,2024-25,Aston Villa,Man City,Home Win,0,1.4,1.6,1.4,5.2,1.2,2.0,0.8,4.2,0.5999999999999999,0.19999999999999996,-0.3999999999999999,1.0
2024-12-21,2024-25,Crystal Palace,Arsenal,Away Win,2,1.8,1.2,1.8,4.2,2.2,0.6,2.2,5.8,-0.40000000000000013,-0.40000000000000013,0.6,-1.5999999999999996
2024-12-21,2024-25,Ipswich,Newcastle,Away Win,2,0.8,1.2,0.8,4.2,2.0,2.0,1.0,4.4,-0.19999999999999996,-1.2,-0.8,-0.20000000000000018
2024-12-22,2024-25,Everton,Chelsea,Draw,1,0.8,0.8,1.2,3.0,3.2,1.2,3.0,8.8,-1.8,-2.4000000000000004,-0.3999999999999999,-5.800000000000001
2024-12-22,2024-25,Fulham,Southampton,Draw,1,1.6,1.8,1.2,3.2,0.8,3.0,0.2,2.8,1.0,0.8,-1.2,0.40000000000000036
2024-12-22,2024-25,Leicester,Wolves,Away Win,2,1.4,2.6,0.8,2.8,1.6,2.6,0.6,4.2,0.20000000000000007,-0.20000000000000018,0.0,-1.4000000000000004
2024-12-22,2024-25,Man United,Bournemouth,Away Win,2,1.8,1.4,1.4,4.2,1.8,1.2,2.0,7.2,-0.6000000000000001,0.0,0.19999999999999996,-3.0
2024-12-22,2024-25,Tottenham,Liverpool,Away Win,2,2.6,1.2,1.4,5.6,2.4,1.4,2.2,6.4,-0.8000000000000003,0.20000000000000018,-0.19999999999999996,-0.8000000000000007
2024-12-26,2024-25,Man City,Everton,Draw,1,1.4,1.6,0.8,4.4,0.8,0.8,1.2,3.0,-0.3999999999999999,0.5999999999999999,0.8,1.4000000000000004
2024-12-26,2024-25,Bournemouth,Crystal Palace,Draw,1,2.2,0.8,2.6,7.2,1.6,1.8,1.6,4.2,1.0,0.6000000000000001,-1.0,3.0
2024-12-26,2024-25,Chelsea,Fulham,Away Win,2,2.8,1.0,2.6,8.4,1.4,1.0,1.4,3.6,1.2000000000000002,1.4,0.0,4.800000000000001
2024-12-26,2024-25,Newcastle,Aston Villa,Home Win,0,2.8,1.6,1.6,5.4,1.4,1.4,1.8,5.4,-0.19999999999999996,1.4,0.20000000000000018,0.0
2024-12-26,2024-25,Nott'm Forest,Tottenham,Home Win,0,1.6,1.2,2.4,4.6,2.4,2.4,0.8,5.2,1.5999999999999999,-0.7999999999999998,-1.2,-0.6000000000000005
2024-12-26,2024-25,Southampton,West Ham,Away Win,2,0.4,2.4,0.4,2.0,1.4,2.2,1.0,5.2,-0.6,-0.9999999999999999,0.19999999999999973,-3.2
2024-12-26,2024-25,Wolves,Man United,Home Win,0,1.4,2.4,0.6,4.0,1.6,1.8,1.2,4.8,-0.6,-0.20000000000000018,0.5999999999999999,-0.7999999999999998
2024-12-26,2024-25,Liverpool,Leicester,Home Win,0,3.2,2.0,2.2,7.8,1.2,2.8,0.8,3.6,1.4000000000000001,2.0,-0.7999999999999998,4.199999999999999
2024-12-27,2024-25,Brighton,Brentford,Draw,1,1.2,2.0,0.6,5.2,2.0,2.0,1.2,4.4,-0.6,-0.8,0.0,0.7999999999999998
2024-12-27,2024-25,Arsenal,Ipswich,Home Win,0,2.6,0.8,2.2,5.6,0.6,1.8,0.6,3.4,1.6,2.0,-1.0,2.1999999999999997
2024-12-29,2024-25,Leicester,Man City,Away Win,2,1.2,2.6,0.8,3.2,1.6,1.4,1.0,5.0,-0.19999999999999996,-0.40000000000000013,1.2000000000000002,-1.7999999999999998
2024-12-29,2024-25,Crystal Palace,Southampton,Home Win,0,1.4,1.6,1.6,4.2,0.2,2.4,0.2,2.6,1.4000000000000001,1.2,-0.7999999999999998,1.6
2024-12-29,2024-25,Everton,Nott'm Forest,Away Win,2,1.0,1.0,1.2,2.6,1.6,1.2,2.4,4.2,-1.2,-0.6000000000000001,-0.19999999999999996,-1.6
2024-12-29,2024-25,Fulham,Bournemouth,Draw,1,1.6,1.0,1.8,3.8,1.4,0.4,2.2,6.4,-0.40000000000000013,0.20000000000000018,0.6,-2.6000000000000005
2024-12-29,2024-25,Tottenham,Wolves,Draw,1,2.2,2.4,0.6,5.4,1.4,1.6,1.2,4.2,-0.6,0.8000000000000003,0.7999999999999998,1.2000000000000002
2024-12-29,2024-25,West Ham,Liverpool,Away Win,2,1.2,1.2,1.6,4.6,3.2,1.8,2.2,7.0,-0.6000000000000001,-2.0,-0.6000000000000001,-2.4000000000000004
2024-12-30,2024-25,Aston Villa,Brighton,Draw,1,1.4,1.4,1.8,4.8,1.0,1.8,0.6,5.6,1.2000000000000002,0.3999999999999999,-0.40000000000000013,-0.7999999999999998
2024-12-30,2024-25,Ipswich,Chelsea,Home Win,0,0.6,1.8,0.6,2.8,2.4,1.4,2.0,8.4,-1.4,-1.7999999999999998,0.40000000000000013,-5.6000000000000005
2024-12-30,2024-25,Man United,Newcastle,Away Win,2,0.8,2.2,0.6,4.6,3.2,1.4,2.0,7.0,-1.4,-2.4000000000000004,0.8000000000000003,-2.4000000000000004
2025-01-01,2024-25,Brentford,Arsenal,Away Win,2,1.2,1.8,0.8,3.8,1.8,0.4,2.2,5.2,-1.4000000000000001,-0.6000000000000001,1.4,-1.4000000000000004
2025-01-04,2024-25,Tottenham,Newcastle,Away Win,2,2.6,2.6,0.8,5.2,3.0,0.8,2.4,6.6,-1.5999999999999999,-0.3999999999999999,1.8,-1.3999999999999995
2025-01-04,2024-25,Aston Villa,Leicester,Home Win,0,1.2,1.6,1.4,3.6,0.6,2.8,0.2,2.8,1.2,0.6,-1.1999999999999997,0.8000000000000003
2025-01-04,2024-25,Bournemouth,Everton,Home Win,0,1.6,0.8,1.8,6.6,1.0,0.6,1.2,2.6,0.6000000000000001,0.6000000000000001,0.20000000000000007,3.9999999999999996
2025-01-04,2024-25,Crystal Palace,Chelsea,Draw,1,1.6,1.8,1.6,5.6,1.4,1.6,1.4,6.8,0.20000000000000018,0.20000000000000018,0.19999999999999996,-1.2000000000000002
2025-01-04,2024-25,Man City,West Ham,Home Win,0,1.4,1.4,1.0,4.6,1.0,1.6,1.6,2.6,-0.6000000000000001,0.3999999999999999,-0.20000000000000018,1.9999999999999996
2025-01-04,2024-25,Southampton,Brentford,Away Win,2,0.2,1.8,0.2,2.4,1.2,1.8,0.8,4.0,-0.6000000000000001,-1.0,0.0,-1.6
2025-01-04,2024-25,Brighton,Arsenal,Draw,1,1.2,1.6,0.8,5.8,2.0,0.6,2.2,5.0,-1.4000000000000001,-0.8,1.0,0.7999999999999998
2025-01-05,2024-25,Fulham,Ipswich,Draw,1,1.4,1.2,1.4,4.6,1.0,1.6,1.2,3.6,0.19999999999999996,0.3999999999999999,-0.40000000000000013,0.9999999999999996
2025-01-05,2024-25,Liverpool,Man United,Draw,1,3.8,1.8,2.2,8.2,0.8,2.2,0.6,4.2,1.6,3.0,-0.40000000000000013,3.999999999999999
2025-01-06,2024-25,Wolves,Nott'm Forest,Away Win,2,1.8,1.2,1.4,4.4,2.0,0.6,3.0,5.0,-1.6,-0.19999999999999996,0.6,-0.5999999999999996
2025-01-14,2024-25,Brentford,Man City,Draw,1,1.4,1.4,0.8,4.6,1.8,1.2,1.4,5.2,-0.5999999999999999,-0.40000000000000013,0.19999999999999996,-0.6000000000000005
2025-01-14,2024-25,Chelsea,Bournemouth,Draw,1,0.8,1.2,1.0,5.4,1.4,0.6,1.8,7.0,-0.8,-0.5999999999999999,0.6,-1.5999999999999996
2025-01-14,2024-25,West Ham,Fulham,Home Win,0,0.8,2.2,1.0,2.6,1.6,1.4,1.4,5.0,-0.3999999999999999,-0.8,0.8000000000000003,-2.4
2025-01-14,2024-25,Nott'm Forest,Liverpool,Draw,1,2.0,0.2,3.0,5.0,3.6,1.6,2.2,8.4,0.7999999999999998,-1.6,-1.4000000000000001,-3.4000000000000004
2025-01-15,2024-25,Everton,Aston Villa,Away Win,2,0.2,0.8,0.6,1.8,1.4,1.8,1.4,3.6,-0.7999999999999999,-1.2,-1.0,-1.8
2025-01-15,2024-25,Leicester,Crystal Palace,Away Win,2,0.4,2.8,0.0,2.6,1.4,1.6,1.6,6.2,-1.6,-0.9999999999999999,1.1999999999999997,-3.6
2025-01-15,2024-25,Newcastle,Wolves,Home Win,0,3.0,0.2,3.0,6.8,1.6,1.4,1.4,4.6,1.6,1.4,-1.2,2.2
2025-01-15,2024-25,Arsenal,Tottenham,Home Win,0,2.0,0.6,2.2,4.8,2.2,2.2,0.8,5.0,1.4000000000000001,-0.20000000000000018,-1.6,-0.20000000000000018
2025-01-16,2024-25,Ipswich,Brighton,Away Win,2,1.2,1.6,1.4,3.2,1.0,1.4,0.8,5.2,0.5999999999999999,0.19999999999999996,0.20000000000000018,-2.0
2025-01-16,2024-25,Man United,Southampton,Home Win,0,0.8,2.0,0.8,3.6,0.2,2.6,0.2,2.6,0.6000000000000001,0.6000000000000001,-0.6000000000000001,1.0
2025-01-18,2024-25,Newcastle,Bournemouth,Away Win,2,2.8,0.2,3.0,5.6,1.6,0.8,1.8,5.8,1.2,1.1999999999999997,-0.6000000000000001,-0.20000000000000018
2025-01-18,2024-25,Brentford,Liverpool,Away Win,2,1.6,1.4,1.0,5.0,3.4,1.4,2.2,9.0,-1.2000000000000002,-1.7999999999999998,0.0,-4.0
2025-01-18,2024-25,Leicester,Fulham,Away Win,2,0.4,2.4,0.0,3.2,1.6,1.6,1.2,5.4,-1.2,-1.2000000000000002,0.7999999999999998,-2.2
2025-01-18,2024-25,West Ham,Crystal Palace,Away Win,2,1.2,2.4,1.4,2.6,1.2,1.4,1.6,6.0,-0.20000000000000018,0.0,1.0,-3.4
2025-01-18,2024-25,Arsenal,Aston Villa,Draw,1,2.4,0.8,2.6,4.6,1.4,1.4,2.0,3.8,0.6000000000000001,1.0,-0.5999999999999999,0.7999999999999998
2025-01-19,2024-25,Everton,Tottenham,Home Win,0,0.2,1.0,0.4,2.4,1.4,2.6,0.2,3.6,0.2,-1.2,-1.6,-1.2000000000000002
2025-01-19,2024-25,Man United,Brighton,Away Win,2,1.0,2.0,0.8,4.8,1.2,0.8,1.4,5.2,-0.5999999999999999,-0.19999999999999996,1.2,-0.40000000000000036
2025-01-19,2024-25,Nott'm Forest,Southampton,Home Win,0,1.8,0.2,2.6,4.4,0.4,2.2,0.2,3.0,2.4,1.4,-2.0,1.4000000000000004
2025-01-19,2024-25,Ipswich,Man City,Away Win,2,0.8,1.8,0.8,2.8,2.0,1.2,1.6,6.2,-0.8,-1.2,0.6000000000000001,-3.4000000000000004
2025-01-20,2024-25,Chelsea,Wolves,Home Win,0,0.8,1.4,0.6,5.8,1.4,1.6,1.4,4.8,-0.7999999999999999,-0.5999999999999999,-0.20000000000000018,1.0
2025-01-25,2024-25,Bournemouth,Nott'm Forest,Home Win,0,1.8,1.0,1.8,6.8,2.0,0.6,2.6,4.2,-0.8,-0.19999999999999996,0.4,2.5999999999999996
2025-01-25,2024-25,Brighton,Everton,Away Win,2,1.6,0.8,1.8,4.6,0.8,1.4,0.8,2.8,1.0,0.8,-0.5999999999999999,1.7999999999999998
2025-01-25,2024-25,Liverpool,Ipswich,Home Win,0,2.6,0.8,2.2,8.2,0.8,2.2,0.8,3.2,1.4000000000000001,1.8,-1.4000000000000001,4.999999999999999
2025-01-25,2024-25,Southampton,Newcastle,Away Win,2,0.8,2.8,0.0,3.6,2.2,1.0,2.4,5.2,-2.4,-1.4000000000000001,1.7999999999999998,-1.6
2025-01-25,2024-25,Wolves,Arsenal,Away Win,2,1.0,2.2,0.8,4.8,1.8,1.0,2.2,4.6,-1.4000000000000001,-0.8,1.2000000000000002,0.20000000000000018
2025-01-25,2024-25,Man City,Chelsea,Home Win,0,3.0,0.8,2.2,6.8,1.4,1.6,1.0,6.2,1.2000000000000002,1.6,-0.8,0.5999999999999996
2025-01-26,2024-25,Crystal Palace,Brentford,Away Win,2,1.4,0.4,2.2,6.2,1.6,1.4,1.0,5.6,1.2000000000000002,-0.20000000000000018,-0.9999999999999999,0.6000000000000005
2025-01-26,2024-25,Tottenham,Leicester,Away Win,2,1.2,2.0,0.2,3.8,0.4,2.2,0.0,3.0,0.2,0.7999999999999999,-0.20000000000000018,0.7999999999999998
2025-01-26,2024-25,Aston Villa,West Ham,Draw,1,1.4,1.6,1.6,3.4,1.0,2.6,1.2,1.8,0.40000000000000013,0.3999999999999999,-1.0,1.5999999999999999
2025-01-26,2024-25,Fulham,Man United,Away Win,2,2.0,1.6,1.6,4.8,1.2,2.0,0.8,3.6,0.8,0.8,-0.3999999999999999,1.1999999999999997
2025-02-01,2024-25,Nott'm Forest,Brighton,Home Win,0,1.8,1.6,2.0,4.4,1.6,1.0,1.6,3.4,0.3999999999999999,0.19999999999999996,0.6000000000000001,1.0000000000000004
2025-02-01,2024-25,Bournemouth,Liverpool,Away Win,2,2.8,1.0,2.2,8.0,2.8,0.8,2.2,8.0,0.0,0.0,0.19999999999999996,0.0
2025-02-01,2024-25,Everton,Leicester,Home Win,0,0.8,1.2,1.2,2.4,0.6,1.8,0.6,3.4,0.6,0.20000000000000007,-0.6000000000000001,-1.0
2025-02-01,2024-25,Ipswich,Southampton,Away Win,2,1.0,2.8,0.8,3.8,1.0,3.2,0.0,3.6,0.8,0.0,-0.40000000000000036,0.19999999999999973
2025-02-01,2024-25,Newcastle,Fulham,Away Win,2,2.2,1.2,2.4,5.4,1.6,1.6,1.0,4.0,1.4,0.6000000000000001,-0.40000000000000013,1.4000000000000004
2025-02-01,2024-25,Wolves,Aston Villa,Home Win,0,0.6,2.4,0.2,4.8,1.6,1.2,1.8,4.0,-1.6,-1.0,1.2,0.7999999999999998
2025-02-02,2024-25,Brentford,Tottenham,Away Win,2,2.0,1.6,1.4,6.2,1.4,2.2,0.2,4.2,1.2,0.6000000000000001,-0.6000000000000001,2.0
2025-02-02,2024-25,Man United,Crystal Palace,Away Win,2,1.4,1.6,1.4,3.0,1.6,0.8,2.0,6.4,-0.6000000000000001,-0.20000000000000018,0.8,-3.4000000000000004
2025-02-02,2024-25,Arsenal,Man City,Home Win,0,1.8,1.0,2.2,4.2,3.4,0.8,2.6,7.0,-0.3999999999999999,-1.5999999999999999,0.19999999999999996,-2.8
2025-02-03,2024-25,Chelsea,West Ham,Home Win,0,1.4,1.8,1.0,5.4,1.0,2.8,0.8,2.2,0.19999999999999996,0.3999999999999999,-0.9999999999999998,3.2
2025-02-12,2024-25,Everton,Liverpool,Draw,1,1.6,0.8,1.8,3.4,2.2,0.8,2.2,6.8,-0.40000000000000013,-0.6000000000000001,0.0,-3.4
2025-02-14,2024-25,Brighton,Chelsea,Home Win,0,1.2,2.0,1.4,3.6,1.8,1.6,1.6,5.0,-0.20000000000000018,-0.6000000000000001,0.3999999999999999,-1.4
2025-02-15,2024-25,Leicester,Arsenal,Away Win,2,0.6,2.2,0.6,2.8,2.2,1.0,2.2,4.6,-1.6,-1.6,1.2000000000000002,-1.7999999999999998
2025-02-15,2024-25,Aston Villa,Ipswich,Draw,1,1.2,1.2,1.6,3.8,0.8,3.2,0.2,3.8,1.4000000000000001,0.3999999999999999,-2.0,0.0
2025-02-15,2024-25,Fulham,Nott'm Forest,Home Win,0,1.6,1.4,1.4,3.6,2.8,1.6,2.0,4.8,-0.6000000000000001,-1.1999999999999997,-0.20000000000000018,-1.1999999999999997
2025-02-15,2024-25,Man City,Newcastle,Home Win,0,3.2,1.8,2.0,6.8,2.0,1.6,1.8,5.4,0.19999999999999996,1.2000000000000002,0.19999999999999996,1.3999999999999995
2025-02-15,2024-25,Southampton,Bournemouth,Away Win,2,1.2,3.0,0.6,3.8,2.4,1.0,2.0,6.8,-1.4,-1.2,2.0,-3.0
2025-02-15,2024-25,West Ham,Brentford,Away Win,2,1.2,2.2,0.8,3.2,1.8,1.4,1.4,6.6,-0.5999999999999999,-0.6000000000000001,0.8000000000000003,-3.3999999999999995
2025-02-15,2024-25,Crystal Palace,Everton,Away Win,2,1.6,0.6,2.0,5.0,2.0,1.0,2.0,4.0,0.0,-0.3999999999999999,-0.4,1.0
2025-02-16,2024-25,Liverpool,Wolves,Home Win,0,2.2,0.8,2.2,6.4,0.6,2.0,0.6,5.2,1.6,1.6,-1.2,1.2000000000000002
2025-02-16,2024-25,Tottenham,Man United,Home Win,0,1.4,1.8,0.6,4.0,1.4,1.6,1.4,3.4,-0.7999999999999999,0.0,0.19999999999999996,0.6000000000000001
2025-02-19,2024-25,Aston Villa,Liverpool,Draw,1,1.0,1.2,1.2,4.0,2.4,0.8,2.6,5.6,-1.4000000000000001,-1.4,0.3999999999999999,-1.5999999999999996
2025-02-21,2024-25,Leicester,Brentford,Away Win,2,0.4,2.2,0.6,2.8,1.0,1.4,1.4,5.4,-0.7999999999999999,-0.6,0.8000000000000003,-2.6000000000000005
2025-02-22,2024-25,Everton,Man United,Draw,1,2.4,1.0,2.6,4.6,1.0,1.4,1.2,3.8,1.4000000000000001,1.4,-0.3999999999999999,0.7999999999999998
2025-02-22,2024-25,Arsenal,West Ham,Away Win,2,2.4,0.8,2.6,5.0,1.0,1.6,0.8,3.0,1.8,1.4,-0.8,2.0
2025-02-22,2024-25,Bournemouth,Wolves,Away Win,2,2.8,1.2,2.0,6.6,0.8,1.8,0.6,4.8,1.4,1.9999999999999998,-0.6000000000000001,1.7999999999999998
2025-02-22,2024-25,Fulham,Crystal Palace,Away Win,2,1.6,1.2,1.8,4.8,1.6,0.8,1.8,5.0,0.0,0.0,0.3999999999999999,-0.20000000000000018
2025-02-22,2024-25,Ipswich,Tottenham,Away Win,2,0.6,3.0,0.2,3.8,1.4,1.4,1.2,4.6,-1.0,-0.7999999999999999,1.6,-0.7999999999999998
2025-02-22,2024-25,Southampton,Brighton,Away Win,2,1.4,2.6,0.6,4.4,1.6,1.8,1.8,3.8,-1.2000000000000002,-0.20000000000000018,0.8,0.6000000000000005
2025-02-22,2024-25,Aston Villa,Chelsea,Home Win,0,1.2,1.6,0.8,4.2,1.6,2.0,1.4,4.8,-0.5999999999999999,-0.40000000000000013,-0.3999999999999999,-0.5999999999999996
2025-02-23,2024-25,Newcastle,Nott'm Forest,Home Win,0,1.6,2.2,1.2,4.8,2.4,2.0,1.4,4.6,-0.19999999999999996,-0.7999999999999998,0.20000000000000018,0.20000000000000018
2025-02-23,2024-25,Man City,Liverpool,Away Win,2,3.2,1.6,2.0,6.8,2.4,1.2,2.2,4.6,-0.20000000000000018,0.8000000000000003,0.40000000000000013,2.2
2025-02-25,2024-25,Brighton,Bournemouth,Home Win,0,2.0,1.8,1.8,5.2,2.4,1.0,1.8,6.6,0.0,-0.3999999999999999,0.8,-1.3999999999999995
2025-02-25,2024-25,Crystal Palace,Aston Villa,Home Win,0,1.6,0.8,1.8,5.2,1.2,1.4,1.2,4.6,0.6000000000000001,0.40000000000000013,-0.5999999999999999,0.6000000000000005
2025-02-25,2024-25,Wolves,Fulham,Away Win,2,1.0,1.2,1.2,4.4,1.2,1.0,1.8,3.8,-0.6000000000000001,-0.19999999999999996,0.19999999999999996,0.6000000000000005
2025-02-25,2024-25,Chelsea,Southampton,Home Win,0,1.4,2.0,1.2,4.2,1.2,2.8,0.6,3.6,0.6,0.19999999999999996,-0.7999999999999998,0.6000000000000001
2025-02-26,2024-25,Nott'm Forest,Arsenal,Draw,1,2.8,2.6,1.2,5.0,2.0,0.8,2.0,4.6,-0.8,0.7999999999999998,1.8,0.40000000000000036
2025-02-26,2024-25,Brentford,Everton,Draw,1,1.4,1.0,1.8,5.4,2.2,1.0,2.2,5.0,-0.40000000000000013,-0.8000000000000003,0.0,0.40000000000000036
2025-02-26,2024-25,Tottenham,Man City,Away Win,2,2.0,1.2,1.8,5.4,2.8,1.6,1.8,6.2,0.0,-0.7999999999999998,-0.40000000000000013,-0.7999999999999998
2025-02-26,2024-25,Liverpool,Newcastle,Home Win,0,2.0,1.0,2.2,4.2,1.8,2.8,1.2,4.8,1.0000000000000002,0.19999999999999996,-1.7999999999999998,-0.5999999999999996
2025-02-26,2024-25,Man United,Ipswich,Home Win,0,0.8,1.6,0.8,2.6,0.8,3.4,0.2,4.2,0.6000000000000001,0.0,-1.7999999999999998,-1.6
2025-02-27,2024-25,West Ham,Leicester,Home Win,0,0.6,1.2,0.8,2.8,0.4,2.6,0.6,2.6,0.20000000000000007,0.19999999999999996,-1.4000000000000001,0.19999999999999973
2025-03-08,2024-25,Nott'm Forest,Man City,Home Win,0,2.2,2.2,0.8,4.4,1.8,1.6,1.8,5.4,-1.0,0.40000000000000013,0.6000000000000001,-1.0
2025-03-08,2024-25,Brighton,Fulham,Home Win,0,1.8,1.8,1.8,5.4,1.2,1.2,1.8,4.4,0.0,0.6000000000000001,0.6000000000000001,1.0
2025-03-08,2024-25,Crystal Palace,Ipswich,Home Win,0,2.0,1.0,1.8,5.0,1.2,2.8,0.2,4.0,1.6,0.8,-1.7999999999999998,1.0
2025-03-08,2024-25,Liverpool,Southampton,Home Win,0,2.0,1.0,2.2,3.4,0.8,3.0,0.6,3.2,1.6,1.2,-2.0,0.19999999999999973
2025-03-08,2024-25,Brentford,Aston Villa,Away Win,2,1.6,0.8,2.0,4.8,1.2,2.0,1.0,4.2,1.0,0.40000000000000013,-1.2,0.5999999999999996
2025-03-08,2024-25,Wolves,Everton,Draw,1,1.0,1.0,1.2,4.6,2.2,1.2,1.8,5.6,-0.6000000000000001,-1.2000000000000002,-0.19999999999999996,-1.0
2025-03-09,2024-25,Tottenham,Bournemouth,Draw,1,1.6,0.8,1.8,5.4,1.8,1.2,1.2,5.6,0.6000000000000001,-0.19999999999999996,-0.3999999999999999,-0.1999999999999993
2025-03-09,2024-25,Man United,Arsenal,Draw,1,1.2,1.4,1.4,3.6,1.6,0.4,2.0,3.6,-0.6000000000000001,-0.40000000000000013,0.9999999999999999,0.0
2025-03-09,2024-25,Chelsea,Leicester,Home Win,0,1.6,1.8,1.2,4.8,0.4,2.6,0.6,2.2,0.6,1.2000000000000002,-0.8,2.5999999999999996
2025-03-10,2024-25,West Ham,Newcastle,Away Win,2,1.0,0.8,1.4,3.2,1.6,2.4,1.2,3.8,0.19999999999999996,-0.6000000000000001,-1.5999999999999999,-0.5999999999999996
2025-03-15,2024-25,Everton,West Ham,Draw,1,1.6,1.4,1.4,5.0,0.8,0.8,1.2,2.8,0.19999999999999996,0.8,0.5999999999999999,2.2
2025-03-15,2024-25,Man City,Brighton,Draw,1,1.2,1.6,1.2,4.8,2.2,1.8,2.4,6.0,-1.2,-1.0000000000000002,-0.19999999999999996,-1.2000000000000002
2025-03-15,2024-25,Southampton,Wolves,Away Win,2,0.8,3.0,0.6,3.0,1.2,1.0,1.4,4.4,-0.7999999999999999,-0.3999999999999999,2.0,-1.4000000000000004
2025-03-15,2024-25,Ipswich,Nott'm Forest,Away Win,2,1.0,2.2,0.2,5.0,2.4,1.2,1.4,4.4,-1.2,-1.4,1.0000000000000002,0.5999999999999996
2025-03-15,2024-25,Bournemouth,Brentford,Away Win,2,1.2,1.6,0.8,5.2,1.2,0.8,1.4,4.2,-0.5999999999999999,0.0,0.8,1.0
2025-03-16,2024-25,Arsenal,Chelsea,Home Win,0,1.6,0.6,1.6,4.2,1.6,1.2,1.8,5.4,-0.19999999999999996,0.0,-0.6,-1.2000000000000002
2025-03-16,2024-25,Fulham,Tottenham,Home Win,0,1.4,1.4,1.8,4.0,1.8,0.8,2.0,5.0,-0.19999999999999996,-0.40000000000000013,0.5999999999999999,-1.0
2025-03-16,2024-25,Leicester,Man United,Away Win,2,0.0,2.6,0.0,2.2,1.2,1.6,1.0,4.6,-1.0,-1.2,1.0,-2.3999999999999995
2025-04-01,2024-25,Arsenal,Fulham,Home Win,0,0.8,0.4,1.6,3.6,1.4,1.2,1.8,4.0,-0.19999999999999996,-0.5999999999999999,-0.7999999999999999,-0.3999999999999999
2025-04-01,2024-25,Wolves,West Ham,Home Win,0,1.2,1.2,1.4,4.0,0.8,0.6,1.4,2.8,0.0,0.3999999999999999,0.6,1.2000000000000002
2025-04-01,2024-25,Nott'm Forest,Man United,Home Win,0,1.8,1.6,1.4,3.8,1.8,1.2,1.6,5.2,-0.20000000000000018,0.0,0.40000000000000013,-1.4000000000000004
2025-04-02,2024-25,Bournemouth,Ipswich,Away Win,2,1.4,1.6,0.8,5.6,1.2,2.6,0.2,4.6,0.6000000000000001,0.19999999999999996,-1.0,1.0
2025-04-02,2024-25,Brighton,Aston Villa,Away Win,2,2.6,0.8,2.6,5.6,1.4,1.6,1.6,4.4,1.0,1.2000000000000002,-0.8,1.1999999999999993
2025-04-02,2024-25,Man City,Leicester,Home Win,0,1.4,1.0,1.4,4.6,0.0,2.4,0.0,2.6,1.4,1.4,-1.4,1.9999999999999996
2025-04-02,2024-25,Newcastle,Brentford,Home Win,0,1.2,2.2,1.2,2.6,1.6,0.6,2.0,4.2,-0.8,-0.40000000000000013,1.6,-1.6
2025-04-02,2024-25,Southampton,Crystal Palace,Draw,1,0.6,3.2,0.0,2.8,2.0,0.6,2.4,4.8,-2.4,-1.4,2.6,-2.0
2025-04-02,2024-25,Liverpool,Everton,Home Win,0,2.2,0.8,2.6,4.0,1.4,1.2,1.4,5.4,1.2000000000000002,0.8000000000000003,-0.3999999999999999,-1.4000000000000004
2025-04-03,2024-25,Chelsea,Tottenham,Home Win,0,1.2,1.2,1.2,5.2,1.4,1.2,1.4,5.4,-0.19999999999999996,-0.19999999999999996,0.0,-0.20000000000000018
2025-04-05,2024-25,Everton,Arsenal,Draw,1,1.0,1.2,0.8,4.2,0.8,0.6,1.6,3.4,-0.8,0.19999999999999996,0.6,0.8000000000000003
2025-04-05,2024-25,Crystal Palace,Brighton,Home Win,0,1.8,0.8,2.0,4.8,2.0,1.4,2.0,5.4,0.0,-0.19999999999999996,-0.5999999999999999,-0.6000000000000005
2025-04-05,2024-25,Ipswich,Wolves,Away Win,2,1.4,2.6,0.6,4.4,1.2,0.8,2.0,3.6,-1.4,0.19999999999999996,1.8,0.8000000000000003
2025-04-05,2024-25,West Ham,Bournemouth,Draw,1,0.8,0.6,1.4,2.4,1.0,1.8,0.2,5.6,1.2,-0.19999999999999996,-1.2000000000000002,-3.1999999999999997
2025-04-05,2024-25,Aston Villa,Nott'm Forest,Home Win,0,1.8,1.4,2.0,4.2,1.8,1.2,2.0,3.8,0.0,0.0,0.19999999999999996,0.40000000000000036
2025-04-06,2024-25,Brentford,Chelsea,Draw,1,1.6,1.0,1.4,3.8,1.4,0.6,1.8,6.2,-0.40000000000000013,0.20000000000000018,0.4,-2.4000000000000004
2025-04-06,2024-25,Fulham,Liverpool,Home Win,0,1.2,1.4,1.2,2.6,2.0,0.6,2.6,4.0,-1.4000000000000001,-0.8,0.7999999999999999,-1.4
2025-04-06,2024-25,Tottenham,Southampton,Home Win,0,1.2,1.4,0.8,4.4,0.6,2.8,0.2,2.4,0.6000000000000001,0.6,-1.4,2.0000000000000004
2025-04-06,2024-25,Man United,Man City,Draw,1,1.8,1.2,1.6,5.2,1.0,1.0,1.4,4.2,0.20000000000000018,0.8,0.19999999999999996,1.0
2025-04-07,2024-25,Leicester,Newcastle,Away Win,2,0.0,2.4,0.0,2.2,1.4,2.0,1.8,2.6,-1.8,-1.4,0.3999999999999999,-0.3999999999999999
2025-04-12,2024-25,Man City,Crystal Palace,Home Win,0,1.0,0.6,1.6,4.2,2.0,0.6,2.6,4.2,-1.0,-1.0,0.0,0.0
2025-04-12,2024-25,Arsenal,Brentford,Draw,1,1.0,0.6,1.8,4.0,0.8,1.0,1.0,3.0,0.8,0.19999999999999996,-0.4,1.0
2025-04-12,2024-25,Brighton,Leicester,Draw,1,1.4,1.8,1.4,4.0,0.0,2.2,0.0,2.0,1.4,1.4,-0.40000000000000013,2.0
2025-04-12,2024-25,Southampton,Aston Villa,Away Win,2,0.8,2.6,0.2,3.0,1.8,1.2,2.4,5.0,-2.1999999999999997,-1.0,1.4000000000000001,-2.0
2025-04-12,2024-25,Nott'm Forest,Everton,Away Win,2,1.4,0.8,2.0,3.4,0.8,1.0,0.8,3.0,1.2,0.5999999999999999,-0.19999999999999996,0.3999999999999999
2025-04-13,2024-25,Chelsea,Ipswich,Draw,1,1.2,0.2,2.0,5.8,1.4,2.2,0.6,3.8,1.4,-0.19999999999999996,-2.0,2.0
2025-04-13,2024-25,Liverpool,West Ham,Home Win,0,2.0,0.8,2.4,4.6,1.0,1.0,1.0,2.6,1.4,1.0,-0.19999999999999996,1.9999999999999996
2025-04-13,2024-25,Wolves,Tottenham,Home Win,0,1.4,1.0,2.0,4.0,1.0,1.4,0.8,4.8,1.2,0.3999999999999999,-0.3999999999999999,-0.7999999999999998
2025-04-13,2024-25,Newcastle,Man United,Home Win,0,2.0,1.2,2.4,3.4,1.4,0.8,1.6,5.0,0.7999999999999998,0.6000000000000001,0.3999999999999999,-1.6
2025-04-14,2024-25,Bournemouth,Fulham,Home Win,0,1.4,2.0,0.4,5.8,1.8,1.4,1.8,3.8,-1.4,-0.40000000000000013,0.6000000000000001,2.0
2025-04-16,2024-25,Newcastle,Crystal Palace,Home Win,0,2.0,0.8,2.4,3.6,2.0,1.6,2.0,3.8,0.3999999999999999,0.0,-0.8,-0.19999999999999973
2025-04-19,2024-25,Brentford,Brighton,Home Win,0,0.8,1.0,1.0,2.8,1.4,2.0,1.0,4.6,0.0,-0.5999999999999999,-1.0,-1.7999999999999998
2025-04-19,2024-25,Crystal Palace,Bournemouth,Draw,1,1.2,2.4,1.4,3.4,1.4,1.6,1.0,5.4,0.3999999999999999,-0.19999999999999996,0.7999999999999998,-2.0000000000000004
2025-04-19,2024-25,Everton,Man City,Away Win,2,0.8,0.8,1.2,3.2,1.8,1.0,1.6,5.0,-0.40000000000000013,-1.0,-0.19999999999999996,-1.7999999999999998
2025-04-19,2024-25,West Ham,Southampton,Draw,1,0.8,1.4,0.4,3.0,0.8,2.4,0.2,3.0,0.2,0.0,-1.0,0.0
2025-04-19,2024-25,Aston Villa,Newcastle,Home Win,0,2.0,1.0,2.4,5.8,3.0,0.4,3.0,5.0,-0.6000000000000001,-1.0,0.6,0.7999999999999998
2025-04-20,2024-25,Ipswich,Arsenal,Away Win,2,1.4,2.0,0.8,4.0,1.2,0.8,1.8,4.4,-1.0,0.19999999999999996,1.2,-0.40000000000000036
2025-04-20,2024-25,Fulham,Chelsea,Away Win,2,1.4,1.4,1.2,4.2,0.8,0.6,1.6,5.6,-0.40000000000000013,0.5999999999999999,0.7999999999999999,-1.3999999999999995
2025-04-20,2024-25,Leicester,Liverpool,Away Win,2,0.4,2.2,0.2,2.8,2.0,1.0,2.4,5.0,-2.1999999999999997,-1.6,1.2000000000000002,-2.2
2025-04-20,2024-25,Man United,Wolves,Away Win,2,1.0,1.2,1.0,4.8,2.0,1.0,2.6,4.0,-1.6,-1.0,0.19999999999999996,0.7999999999999998
2025-04-21,2024-25,Tottenham,Nott'm Forest,Away Win,2,1.4,2.0,0.8,4.4,1.4,1.0,1.8,4.0,-1.0,0.0,1.0,0.40000000000000036
2025-04-22,2024-25,Man City,Aston Villa,Home Win,0,2.2,0.8,2.2,5.8,2.6,0.4,3.0,7.2,-0.7999999999999998,-0.3999999999999999,0.4,-1.4000000000000004
2025-04-23,2024-25,Arsenal,Crystal Palace,Draw,1,1.8,0.6,2.2,4.6,1.0,2.4,1.0,2.6,1.2000000000000002,0.8,-1.7999999999999998,1.9999999999999996
2025-04-26,2024-25,Chelsea,Everton,Home Win,0,1.0,0.8,1.6,5.8,0.6,1.0,1.0,3.0,0.6000000000000001,0.4,-0.19999999999999996,2.8
2025-04-26,2024-25,Brighton,West Ham,Home Win,0,1.4,2.6,0.4,4.4,1.0,1.4,0.6,3.4,-0.19999999999999996,0.3999999999999999,1.2000000000000002,1.0000000000000004
2025-04-26,2024-25,Newcastle,Ipswich,Home Win,0,3.0,1.2,2.4,5.0,1.4,2.6,0.8,2.4,1.5999999999999999,1.6,-1.4000000000000001,2.6
2025-04-26,2024-25,Southampton,Fulham,Away Win,2,0.8,2.0,0.4,3.0,1.4,1.4,1.2,4.2,-0.7999999999999999,-0.5999999999999999,0.6000000000000001,-1.2000000000000002
2025-04-26,2024-25,Wolves,Leicester,Home Win,0,2.0,0.8,3.0,3.8,0.4,2.2,0.2,2.2,2.8,1.6,-1.4000000000000001,1.5999999999999996
2025-04-27,2024-25,Bournemouth,Man United,Draw,1,1.0,1.2,1.0,4.6,0.8,1.2,0.8,4.0,0.19999999999999996,0.19999999999999996,0.0,0.5999999999999996
2025-04-27,2024-25,Liverpool,Tottenham,Home Win,0,1.8,1.0,2.4,6.4,1.2,2.0,0.6,4.8,1.7999999999999998,0.6000000000000001,-1.0,1.6000000000000005
2025-05-01,2024-25,Nott'm Forest,Brentford,Away Win,2,1.6,1.2,1.8,3.8,1.6,1.2,1.6,3.8,0.19999999999999996,0.0,0.0,0.0
2025-05-02,2024-25,Man City,Wolves,Home Win,0,2.2,0.6,2.6,6.4,2.2,0.6,3.0,4.4,-0.3999999999999999,0.0,0.0,2.0
2025-05-03,2024-25,Everton,Ipswich,Draw,1,0.4,1.0,0.8,2.6,1.0,2.4,0.8,1.6,0.0,-0.6,-1.4,1.0
2025-05-03,2024-25,Aston Villa,Fulham,Home Win,0,2.6,0.8,2.4,7.0,1.4,1.6,1.2,4.4,1.2,1.2000000000000002,-0.8,2.5999999999999996
2025-05-03,2024-25,Arsenal,Bournemouth,Away Win,2,2.0,1.0,1.8,5.0,1.0,1.0,1.2,3.8,0.6000000000000001,1.0,0.0,1.2000000000000002
2025-05-03,2024-25,Leicester,Southampton,Home Win,0,0.4,2.2,0.2,2.0,0.8,2.0,0.4,3.0,-0.2,-0.4,0.20000000000000018,-1.0
2025-05-04,2024-25,Brentford,Man United,Home Win,0,1.6,1.0,1.6,3.6,0.4,1.4,0.4,4.2,1.2000000000000002,1.2000000000000002,-0.3999999999999999,-0.6000000000000001
2025-05-04,2024-25,Brighton,Newcastle,Draw,1,1.6,2.6,0.8,5.6,3.2,1.0,2.4,5.2,-1.5999999999999999,-1.6,1.6,0.39999999999999947
2025-05-04,2024-25,West Ham,Tottenham,Draw,1,1.2,1.8,0.4,3.2,1.4,2.6,0.6,4.6,-0.19999999999999996,-0.19999999999999996,-0.8,-1.3999999999999995
2025-05-04,2024-25,Chelsea,Liverpool,Home Win,0,1.2,0.6,2.2,6.8,2.2,1.0,2.4,6.6,-0.19999999999999973,-1.0000000000000002,-0.4,0.20000000000000018
2025-05-05,2024-25,Crystal Palace,Nott'm Forest,Draw,1,1.2,2.6,1.0,2.8,0.8,1.2,1.2,3.6,-0.19999999999999996,0.3999999999999999,1.4000000000000001,-0.8000000000000003
2025-05-10,2024-25,Fulham,Everton,Away Win,2,1.2,1.4,1.2,4.4,0.8,1.2,1.0,3.2,0.19999999999999996,0.3999999999999999,0.19999999999999996,1.2000000000000002
2025-05-10,2024-25,Ipswich,Brentford,Away Win,2,1.0,2.6,0.4,2.2,2.2,1.2,2.2,4.2,-1.8000000000000003,-1.2000000000000002,1.4000000000000001,-2.0
2025-05-10,2024-25,Southampton,Man City,Draw,1,0.6,2.2,0.2,3.0,2.0,0.6,2.6,5.8,-2.4,-1.4,1.6,-2.8
2025-05-10,2024-25,Wolves,Brighton,Away Win,2,2.0,0.8,2.4,4.2,1.8,2.2,1.0,5.2,1.4,0.19999999999999996,-1.4000000000000001,-1.0
2025-05-10,2024-25,Bournemouth,Aston Villa,Away Win,2,1.2,0.8,1.8,2.8,2.2,0.8,2.4,6.6,-0.5999999999999999,-1.0000000000000002,0.0,-3.8
2025-05-11,2024-25,Nott'm Forest,Leicester,Draw,1,0.8,1.4,0.8,4.0,0.8,1.8,0.8,2.8,0.0,0.0,-0.40000000000000013,1.2000000000000002
2025-05-11,2024-25,Man United,West Ham,Away Win,2,1.0,2.0,0.4,4.0,1.4,1.8,0.6,3.4,-0.19999999999999996,-0.3999999999999999,0.19999999999999996,0.6000000000000001
2025-05-11,2024-25,Liverpool,Arsenal,Draw,1,2.2,1.6,1.8,6.4,1.8,1.2,1.2,5.0,0.6000000000000001,0.40000000000000013,0.40000000000000013,1.4000000000000004
2025-05-11,2024-25,Tottenham,Crystal Palace,Away Win,2,1.6,2.6,0.8,4.6,1.0,2.6,0.6,2.8,0.20000000000000007,0.6000000000000001,0.0,1.7999999999999998
2025-05-11,2024-25,Newcastle,Chelsea,Home Win,0,2.8,1.2,2.0,5.2,1.6,0.8,2.2,7.2,-0.20000000000000018,1.1999999999999997,0.3999999999999999,-2.0
2025-05-16,2024-25,Aston Villa,Tottenham,Home Win,0,2.0,0.6,2.4,5.6,1.0,2.8,0.2,3.2,2.1999999999999997,1.0,-2.1999999999999997,2.3999999999999995
2025-05-16,2024-25,Chelsea,Man United,Home Win,0,1.6,1.2,2.0,6.8,1.0,2.4,0.2,4.6,1.8,0.6000000000000001,-1.2,2.2
2025-05-18,2024-25,Leicester,Ipswich,Home Win,0,1.2,1.6,1.0,3.6,0.8,2.4,0.4,2.6,0.6,0.3999999999999999,-0.7999999999999998,1.0
2025-05-18,2024-25,Arsenal,Newcastle,Home Win,0,2.0,1.4,1.2,5.4,2.4,1.0,2.0,5.2,-0.8,-0.3999999999999999,0.3999999999999999,0.20000000000000018
2025-05-18,2024-25,Everton,Southampton,Home Win,0,1.2,1.2,1.4,4.2,0.4,1.6,0.4,2.2,0.9999999999999999,0.7999999999999999,-0.40000000000000013,2.0
2025-05-18,2024-25,West Ham,Nott'm Forest,Away Win,2,1.4,1.4,1.0,3.6,1.0,1.4,1.0,4.2,0.0,0.3999999999999999,0.0,-0.6000000000000001
2025-05-18,2024-25,Brentford,Fulham,Away Win,2,2.4,1.2,2.6,4.8,0.8,1.6,0.6,4.4,2.0,1.5999999999999999,-0.40000000000000013,0.39999999999999947
2025-05-19,2024-25,Brighton,Liverpool,Home Win,0,2.0,1.8,1.6,4.6,2.2,1.4,2.0,6.2,-0.3999999999999999,-0.20000000000000018,0.40000000000000013,-1.6000000000000005
2025-05-20,2024-25,Crystal Palace,Wolves,Home Win,0,1.0,1.6,1.2,4.2,1.6,1.0,1.8,3.4,-0.6000000000000001,-0.6000000000000001,0.6000000000000001,0.8000000000000003
2025-05-20,2024-25,Man City,Bournemouth,Home Win,0,2.0,0.6,2.6,5.8,0.8,0.6,1.6,2.8,1.0,1.2,0.0,3.0
2025-05-25,2024-25,Man United,Aston Villa,Home Win,0,0.8,1.8,0.2,3.8,1.8,0.6,2.4,5.0,-2.1999999999999997,-1.0,1.2000000000000002,-1.2000000000000002
2025-05-25,2024-25,Bournemouth,Leicester,Home Win,0,0.8,1.2,1.0,2.6,1.2,1.2,1.4,3.0,-0.3999999999999999,-0.3999999999999999,0.0,-0.3999999999999999
2025-05-25,2024-25,Liverpool,Crystal Palace,Draw,1,2.2,1.8,1.4,6.0,1.8,1.0,1.8,5.4,-0.40000000000000013,0.40000000000000013,0.8,0.5999999999999996
2025-05-25,2024-25,Ipswich,West Ham,Away Win,2,0.4,2.4,0.2,2.2,1.4,1.4,1.0,3.8,-0.8,-0.9999999999999999,1.0,-1.5999999999999996
2025-05-25,2024-25,Fulham,Man City,Away Win,2,1.4,1.8,1.2,4.4,1.6,0.4,2.6,5.0,-1.4000000000000001,-0.20000000000000018,1.4,-0.5999999999999996
2025-05-25,2024-25,Tottenham,Brighton,Away Win,2,0.6,2.4,0.2,2.6,2.2,1.8,2.0,5.6,-1.8,-1.6,0.5999999999999999,-2.9999999999999996
2025-05-25,2024-25,Southampton,Arsenal,Away Win,2,0.4,1.4,0.4,2.2,2.0,1.2,1.6,5.6,-1.2000000000000002,-1.6,0.19999999999999996,-3.3999999999999995
2025-05-25,2024-25,Nott'm Forest,Chelsea,Away Win,2,1.4,1.4,1.6,4.2,1.4,0.8,2.4,5.6,-0.7999999999999998,0.0,0.5999999999999999,-1.3999999999999995
2025-05-25,2024-25,Wolves,Brentford,Draw,1,1.2,1.4,1.2,3.0,2.6,1.6,2.4,5.6,-1.2,-1.4000000000000001,-0.20000000000000018,-2.5999999999999996
2025-05-25,2024-25,Newcastle,Everton,Away Win,2,1.4,1.2,1.4,4.8,1.4,1.2,1.4,4.2,0.0,0.0,0.0,0.5999999999999996
2025-08-15,2025-26,Liverpool,Bournemouth,Home Win,0,2.2,2.0,1.0,4.6,1.2,1.2,1.4,3.2,-0.3999999999999999,1.0000000000000002,0.8,1.3999999999999995
2025-08-16,2025-26,Aston Villa,Newcastle,Draw,1,1.0,0.8,1.8,3.4,1.2,0.6,1.4,5.4,0.40000000000000013,-0.19999999999999996,0.20000000000000007,-2.0000000000000004
2025-08-16,2025-26,Wolves,Man City,Away Win,2,1.2,1.6,0.8,3.8,1.6,0.4,2.6,4.6,-1.8,-0.40000000000000013,1.2000000000000002,-0.7999999999999998
2025-08-16,2025-26,Brighton,Fulham,Draw,1,2.6,1.2,2.6,6.6,1.2,1.8,1.2,4.8,1.4000000000000001,1.4000000000000001,-0.6000000000000001,1.7999999999999998
2025-08-16,2025-26,Tottenham,Burnley,Home Win,0,0.6,2.8,0.2,1.8,1.6,2.0,0.8,5.4,-0.6000000000000001,-1.0,0.7999999999999998,-3.6000000000000005
2025-08-17,2025-26,Chelsea,Crystal Palace,Draw,1,1.2,0.6,2.4,4.4,2.0,1.2,1.8,6.4,0.5999999999999999,-0.8,-0.6,-2.0
2025-08-17,2025-26,Nott'm Forest,Brentford,Home Win,0,1.0,1.4,1.0,4.0,2.0,1.4,2.0,5.4,-1.0,-1.0,0.0,-1.4000000000000004
2025-08-17,2025-26,Man United,Arsenal,Away Win,2,1.2,1.6,0.8,5.4,1.6,1.4,1.6,5.8,-0.8,-0.40000000000000013,0.20000000000000018,-0.39999999999999947
2025-08-18,2025-26,Leeds,Everton,Home Win,0,1.2,3.0,0.2,3.4,1.6,0.8,2.0,4.8,-1.8,-0.40000000000000013,2.2,-1.4
2025-08-22,2025-26,West Ham,Chelsea,Away Win,2,1.4,1.4,1.4,4.2,1.0,0.6,2.0,3.6,-0.6000000000000001,0.3999999999999999,0.7999999999999999,0.6000000000000001
2025-08-23,2025-26,Brentford,Aston Villa,Home Win,0,1.8,2.0,1.4,5.4,0.8,0.4,2.0,3.4,-0.6000000000000001,1.0,1.6,2.0000000000000004
2025-08-23,2025-26,Man City,Tottenham,Away Win,2,2.0,0.2,2.6,4.2,1.0,1.8,0.8,2.4,1.8,1.0,-1.6,1.8000000000000003
2025-08-23,2025-26,Bournemouth,Wolves,Home Win,0,1.4,1.8,1.2,3.6,0.6,2.4,0.2,3.2,1.0,0.7999999999999999,-0.5999999999999999,0.3999999999999999
2025-08-23,2025-26,Arsenal,Leeds,Home Win,0,1.4,1.0,2.0,5.2,1.2,2.2,0.8,2.8,1.2,0.19999999999999996,-1.2000000000000002,2.4000000000000004
2025-08-24,2025-26,Crystal Palace,Nott'm Forest,Draw,1,1.6,0.8,1.8,6.4,1.6,1.2,1.6,4.0,0.19999999999999996,0.0,-0.3999999999999999,2.4000000000000004
2025-08-24,2025-26,Everton,Brighton,Home Win,0,1.6,0.8,2.0,4.4,2.2,1.0,2.2,5.6,-0.20000000000000018,-0.6000000000000001,-0.19999999999999996,-1.1999999999999993
2025-08-24,2025-26,Fulham,Man United,Draw,1,1.0,1.8,0.8,4.2,1.0,1.6,0.6,5.6,0.20000000000000007,0.0,0.19999999999999996,-1.3999999999999995
2025-08-25,2025-26,Newcastle,Liverpool,Away Win,2,0.6,0.6,1.0,5.0,2.0,2.2,1.0,5.0,0.0,-1.4,-1.6,0.0
2025-08-30,2025-26,Chelsea,Fulham,Home Win,0,1.4,0.6,2.0,3.6,1.2,1.8,1.0,4.4,1.0,0.19999999999999996,-1.2000000000000002,-0.8000000000000003
2025-08-30,2025-26,Man United,Burnley,Home Win,0,0.6,1.0,0.8,5.2,1.0,2.2,0.6,3.4,0.20000000000000007,-0.4,-1.2000000000000002,1.8000000000000003
2025-08-30,2025-26,Tottenham,Bournemouth,Away Win,2,1.2,1.6,1.2,3.0,1.2,1.6,1.2,4.0,0.0,0.0,0.0,-1.0
2025-08-30,2025-26,Wolves,Everton,Away Win,2,0.6,2.4,0.2,3.2,1.6,0.4,2.4,4.4,-2.1999999999999997,-1.0,2.0,-1.2000000000000002
2025-08-30,2025-26,Leeds,Newcastle,Draw,1,1.0,2.8,0.8,2.6,0.8,1.0,0.8,4.6,0.0,0.19999999999999996,1.7999999999999998,-1.9999999999999996
2025-08-31,2025-26,Brighton,Man City,Home Win,0,2.0,1.2,2.0,6.0,1.8,0.6,2.0,4.6,0.0,0.19999999999999996,0.6,1.4000000000000004
2025-08-31,2025-26,Nott'm Forest,West Ham,Away Win,2,1.6,1.2,1.6,3.4,1.4,2.2,1.2,4.6,0.40000000000000013,0.20000000000000018,-1.0000000000000002,-1.1999999999999997
2025-08-31,2025-26,Liverpool,Arsenal,Home Win,0,2.4,2.0,1.6,5.4,2.2,0.6,2.6,5.4,-1.0,0.19999999999999973,1.4,0.0
2025-08-31,2025-26,Aston Villa,Crystal Palace,Away Win,2,0.6,0.6,1.4,3.2,1.6,0.8,1.8,6.6,-0.40000000000000013,-1.0,-0.20000000000000007,-3.3999999999999995
2025-09-13,2025-26,Everton,Aston Villa,Draw,1,1.6,0.6,2.4,3.8,0.4,1.2,0.8,3.4,1.5999999999999999,1.2000000000000002,-0.6,0.3999999999999999
2025-09-13,2025-26,Arsenal,Nott'm Forest,Home Win,0,1.8,0.4,2.4,4.2,1.2,1.4,1.4,3.2,1.0,0.6000000000000001,-0.9999999999999999,1.0
2025-09-13,2025-26,Crystal Palace,Sunderland,Draw,1,1.8,0.8,1.8,5.4,1.6666666666666667,1.0,2.0,3.0,-0.19999999999999996,0.1333333333333333,-0.19999999999999996,2.4000000000000004
2025-09-13,2025-26,Bournemouth,Brighton,Home Win,0,1.4,1.4,1.8,4.4,2.0,1.4,2.0,7.0,-0.19999999999999996,-0.6000000000000001,0.0,-2.5999999999999996
2025-09-13,2025-26,West Ham,Tottenham,Away Win,2,1.6,2.2,1.2,5.4,1.2,1.4,1.2,3.0,0.0,0.40000000000000013,0.8000000000000003,2.4000000000000004
2025-09-13,2025-26,Newcastle,Wolves,Home Win,0,0.4,1.0,0.4,3.8,1.0,2.6,0.2,3.4,0.2,-0.6,-1.6,0.3999999999999999
2025-09-13,2025-26,Brentford,Chelsea,Draw,1,1.2,1.8,0.8,4.4,1.8,0.2,2.6,4.2,-1.8,-0.6000000000000001,1.6,0.20000000000000018
2025-09-13,2025-26,Fulham,Leeds,Home Win,0,1.0,1.6,1.0,3.8,0.6,2.4,0.8,2.0,0.19999999999999996,0.4,-0.7999999999999998,1.7999999999999998
2025-09-14,2025-26,Burnley,Liverpool,Away Win,2,1.2,2.0,0.6,3.0,2.2,1.6,2.0,5.0,-1.4,-1.0000000000000002,0.3999999999999999,-2.0
2025-09-14,2025-26,Man City,Man United,Home Win,0,2.0,1.0,1.8,4.2,1.2,1.0,1.4,5.4,0.40000000000000013,0.8,0.0,-1.2000000000000002
2025-09-20,2025-26,Brighton,Tottenham,Draw,1,1.6,1.4,1.4,5.0,1.8,1.0,1.8,3.8,-0.40000000000000013,-0.19999999999999996,0.3999999999999999,1.2000000000000002
2025-09-20,2025-26,Liverpool,Everton,Home Win,0,2.0,1.0,2.6,4.8,1.2,0.6,2.0,3.2,0.6000000000000001,0.8,0.4,1.5999999999999996
2025-09-20,2025-26,Fulham,Brentford,Home Win,0,0.6,1.2,1.0,3.0,1.2,1.6,1.0,4.0,0.0,-0.6,-0.40000000000000013,-1.0
2025-09-20,2025-26,Burnley,Nott'm Forest,Draw,1,1.0,1.8,0.6,2.4,0.8,1.8,0.8,2.4,-0.20000000000000007,0.19999999999999996,0.0,0.0
2025-09-20,2025-26,Man United,Chelsea,Home Win,0,1.2,1.4,1.4,5.6,2.0,0.6,2.2,4.8,-0.8000000000000003,-0.8,0.7999999999999999,0.7999999999999998
2025-09-20,2025-26,Wolves,Leeds,Away Win,2,0.6,2.0,0.2,3.4,0.4,2.0,0.8,2.0,-0.6000000000000001,0.19999999999999996,0.0,1.4
2025-09-20,2025-26,West Ham,Crystal Palace,Away Win,2,1.4,2.4,1.2,5.2,1.0,0.4,1.4,4.6,-0.19999999999999996,0.3999999999999999,2.0,0.6000000000000005
2025-09-21,2025-26,Bournemouth,Newcastle,Draw,1,1.6,1.0,2.4,5.0,0.6,0.8,1.0,3.6,1.4,1.0,0.19999999999999996,1.4
2025-09-21,2025-26,Sunderland,Aston Villa,Draw,1,1.25,0.75,1.75,2.25,0.0,1.2,0.4,2.2,1.35,1.25,-0.44999999999999996,0.04999999999999982
2025-09-21,2025-26,Arsenal,Man City,Draw,1,2.2,0.4,2.4,4.4,2.0,0.8,1.8,4.4,0.5999999999999999,0.20000000000000018,-0.4,0.0
2025-09-27,2025-26,Brentford,Man United,Home Win,0,1.2,2.0,0.8,3.2,1.2,1.6,1.4,4.4,-0.5999999999999999,0.0,0.3999999999999999,-1.2000000000000002
2025-09-27,2025-26,Chelsea,Brighton,Away Win,2,2.0,1.0,1.6,4.6,1.2,1.6,1.0,4.2,0.6000000000000001,0.8,-0.6000000000000001,0.39999999999999947
2025-09-27,2025-26,Crystal Palace,Liverpool,Home Win,0,1.2,0.4,1.8,4.2,2.2,1.0,3.0,4.8,-1.2,-1.0000000000000002,-0.6,-0.5999999999999996
2025-09-27,2025-26,Leeds,Bournemouth,Draw,1,0.8,1.4,1.4,2.4,1.2,1.0,2.0,4.0,-0.6000000000000001,-0.3999999999999999,0.3999999999999999,-1.6
2025-09-27,2025-26,Man City,Burnley,Home Win,0,1.8,1.0,1.4,4.0,1.0,1.6,0.8,2.8,0.5999999999999999,0.8,-0.6000000000000001,1.2000000000000002
2025-09-27,2025-26,Nott'm Forest,Sunderland,Away Win,2,1.0,1.8,1.0,3.6,1.2,0.8,1.6,2.6,-0.6000000000000001,-0.19999999999999996,1.0,1.0
2025-09-27,2025-26,Tottenham,Wolves,Draw,1,2.0,0.6,2.0,4.0,0.6,2.4,0.0,3.4,2.0,1.4,-1.7999999999999998,0.6000000000000001
2025-09-28,2025-26,Aston Villa,Fulham,Home Win,0,0.2,1.0,0.6,2.4,1.2,1.0,1.6,3.0,-1.0,-1.0,0.0,-0.6000000000000001
2025-09-28,2025-26,Newcastle,Arsenal,Away Win,2,0.6,0.6,1.2,2.6,2.0,0.4,2.0,3.4,-0.8,-1.4,0.19999999999999996,-0.7999999999999998
2025-09-29,2025-26,Everton,West Ham,Draw,1,1.2,1.0,1.4,2.4,1.0,2.6,0.6,4.6,0.7999999999999999,0.19999999999999996,-1.6,-2.1999999999999997
2025-10-03,2025-26,Bournemouth,Fulham,Home Win,0,1.2,0.6,2.2,4.4,1.2,1.4,1.4,3.4,0.8000000000000003,0.0,-0.7999999999999999,1.0000000000000004
2025-10-04,2025-26,Leeds,Tottenham,Away Win,2,1.0,1.8,1.0,3.4,1.6,0.8,1.6,3.4,-0.6000000000000001,-0.6000000000000001,1.0,0.0
2025-10-04,2025-26,Arsenal,West Ham,Home Win,0,2.2,0.6,2.0,4.2,1.2,2.2,0.8,4.4,1.2,1.0000000000000002,-1.6,-0.20000000000000018
2025-10-04,2025-26,Man United,Sunderland,Home Win,0,1.4,2.0,1.4,4.2,0.8,0.8,1.6,2.2,-0.20000000000000018,0.5999999999999999,1.2,2.0
2025-10-04,2025-26,Chelsea,Liverpool,Home Win,0,2.2,1.6,1.4,4.6,1.6,1.0,2.4,3.6,-1.0,0.6000000000000001,0.6000000000000001,0.9999999999999996
2025-10-05,2025-26,Aston Villa,Burnley,Home Win,0,0.8,1.2,1.0,2.6,1.2,2.0,0.8,2.4,0.19999999999999996,-0.3999999999999999,-0.8,0.20000000000000018
2025-10-05,2025-26,Everton,Crystal Palace,Home Win,0,1.4,1.0,1.6,3.4,1.6,0.6,2.2,4.8,-0.6000000000000001,-0.20000000000000018,0.4,-1.4
2025-10-05,2025-26,Newcastle,Nott'm Forest,Home Win,0,0.8,1.0,1.0,2.6,0.4,1.8,0.4,3.8,0.6,0.4,-0.8,-1.1999999999999997
2025-10-05,2025-26,Wolves,Brighton,Draw,1,0.8,1.8,0.2,3.4,1.6,1.6,1.4,4.0,-1.2,-0.8,0.19999999999999996,-0.6000000000000001
2025-10-05,2025-26,Brentford,Man City,Away Win,2,1.6,1.6,1.4,4.2,2.0,1.2,1.4,4.8,0.0,-0.3999999999999999,0.40000000000000013,-0.5999999999999996
2025-10-18,2025-26,Brighton,Newcastle,Home Win,0,1.8,1.4,1.6,4.4,0.8,0.4,1.6,3.8,0.0,1.0,0.9999999999999999,0.6000000000000005
2025-10-18,2025-26,Nott'm Forest,Chelsea,Away Win,2,0.2,2.0,0.2,4.4,1.6,1.6,1.4,4.4,-1.2,-1.4000000000000001,0.3999999999999999,0.0
2025-10-18,2025-26,Fulham,Arsenal,Away Win,2,1.2,1.8,1.2,3.4,1.6,0.6,2.0,4.2,-0.8,-0.40000000000000013,1.2000000000000002,-0.8000000000000003
2025-10-18,2025-26,Burnley,Leeds,Home Win,0,1.0,2.4,0.2,2.4,1.2,1.2,1.0,4.0,-0.8,-0.19999999999999996,1.2,-1.6
2025-10-18,2025-26,Sunderland,Wolves,Home Win,0,0.8,0.8,1.6,2.6,1.0,1.8,0.4,3.8,1.2000000000000002,-0.19999999999999996,-1.0,-1.1999999999999997
2025-10-18,2025-26,Man City,Everton,Home Win,0,2.2,0.8,2.0,4.8,1.4,1.2,1.6,4.2,0.3999999999999999,0.8000000000000003,-0.3999999999999999,0.5999999999999996
2025-10-18,2025-26,Crystal Palace,Bournemouth,Draw,1,1.6,0.8,2.0,5.6,1.6,0.8,2.2,4.8,-0.20000000000000018,0.0,0.0,0.7999999999999998
2025-10-19,2025-26,Tottenham,Aston Villa,Away Win,2,1.6,1.0,1.6,3.0,1.2,1.2,1.6,3.6,0.0,0.40000000000000013,-0.19999999999999996,-0.6000000000000001
2025-10-19,2025-26,Liverpool,Man United,Away Win,2,1.2,1.0,1.8,3.2,1.6,1.8,1.8,4.8,0.0,-0.40000000000000013,-0.8,-1.5999999999999996
2025-10-20,2025-26,West Ham,Brentford,Away Win,2,1.0,1.6,0.8,3.6,1.4,1.8,0.8,4.0,0.0,-0.3999999999999999,-0.19999999999999996,-0.3999999999999999
2025-10-24,2025-26,Leeds,West Ham,Home Win,0,1.2,1.6,0.8,4.6,0.4,2.0,0.2,2.2,0.6000000000000001,0.7999999999999999,-0.3999999999999999,2.3999999999999995
2025-10-25,2025-26,Chelsea,Sunderland,Away Win,2,1.8,1.6,1.4,4.4,0.8,0.6,1.6,2.4,-0.20000000000000018,1.0,1.0,2.0000000000000004
2025-10-25,2025-26,Newcastle,Fulham,Home Win,0,1.0,0.8,1.4,4.0,1.2,1.6,1.2,2.8,0.19999999999999996,-0.19999999999999996,-0.8,1.2000000000000002
2025-10-25,2025-26,Man United,Brighton,Home Win,0,1.4,1.6,1.8,4.4,1.8,1.4,1.6,4.0,0.19999999999999996,-0.40000000000000013,0.20000000000000018,0.40000000000000036
2025-10-25,2025-26,Brentford,Liverpool,Home Win,0,1.6,1.4,1.4,4.6,1.2,1.4,1.2,3.8,0.19999999999999996,0.40000000000000013,0.0,0.7999999999999998
2025-10-26,2025-26,Aston Villa,Man City,Home Win,0,1.6,0.8,2.2,3.2,2.4,0.4,2.6,5.6,-0.3999999999999999,-0.7999999999999998,0.4,-2.3999999999999995
2025-10-26,2025-26,Arsenal,Crystal Palace,Home Win,0,1.8,0.4,2.6,5.0,1.6,1.4,1.6,6.2,1.0,0.19999999999999996,-0.9999999999999999,-1.2000000000000002
2025-10-26,2025-26,Bournemouth,Nott'm Forest,Home Win,0,2.0,1.4,1.8,4.6,0.2,2.0,0.2,4.2,1.6,1.8,-0.6000000000000001,0.39999999999999947
2025-10-26,2025-26,Everton,Tottenham,Away Win,2,0.8,1.2,1.0,3.6,1.8,1.2,1.6,3.4,-0.6000000000000001,-1.0,0.0,0.20000000000000018
2025-10-26,2025-26,Wolves,Burnley,Away Win,2,0.6,1.6,0.4,3.6,1.0,1.8,0.8,2.4,-0.4,-0.4,-0.19999999999999996,1.2000000000000002
2025-11-01,2025-26,Brighton,Leeds,Home Win,0,2.0,1.8,1.6,4.6,1.6,1.6,1.4,5.0,0.20000000000000018,0.3999999999999999,0.19999999999999996,-0.40000000000000036
2025-11-01,2025-26,Burnley,Arsenal,Away Win,2,1.6,2.0,1.4,3.8,1.4,0.4,2.6,4.6,-1.2000000000000002,0.20000000000000018,1.6,-0.7999999999999998
2025-11-01,2025-26,Crystal Palace,Brentford,Home Win,0,1.6,1.6,1.4,5.2,1.8,1.4,1.8,5.4,-0.40000000000000013,-0.19999999999999996,0.20000000000000018,-0.20000000000000018
2025-11-01,2025-26,Fulham,Wolves,Home Win,0,1.2,2.0,0.6,3.2,1.0,2.0,0.4,4.4,0.19999999999999996,0.19999999999999996,0.0,-1.2000000000000002
2025-11-01,2025-26,Nott'm Forest,Man United,Draw,1,0.2,1.8,0.2,4.8,2.2,1.4,2.4,5.8,-2.1999999999999997,-2.0,0.40000000000000013,-1.0
2025-11-01,2025-26,Tottenham,Chelsea,Away Win,2,1.8,1.2,1.6,3.2,1.6,1.6,1.2,4.6,0.40000000000000013,0.19999999999999996,-0.40000000000000013,-1.3999999999999995
2025-11-01,2025-26,Liverpool,Aston Villa,Home Win,0,1.4,2.0,0.6,4.0,1.8,0.8,2.6,3.6,-2.0,-0.40000000000000013,1.2,0.3999999999999999
2025-11-02,2025-26,West Ham,Newcastle,Home Win,0,0.6,1.8,0.2,2.0,1.2,1.0,1.4,4.6,-1.2,-0.6,0.8,-2.5999999999999996
2025-11-02,2025-26,Man City,Bournemouth,Home Win,0,1.8,0.6,2.0,5.2,2.0,1.2,1.8,4.6,0.19999999999999996,-0.19999999999999996,-0.6,0.6000000000000005
2025-11-03,2025-26,Sunderland,Everton,Draw,1,1.2,0.8,2.0,3.2,0.8,1.8,0.8,3.6,1.2,0.3999999999999999,-1.0,-0.3999999999999999
2025-11-08,2025-26,Everton,Fulham,Home Win,0,0.8,1.6,1.0,3.6,1.2,1.8,0.6,3.8,0.4,-0.3999999999999999,-0.19999999999999996,-0.19999999999999973
2025-11-08,2025-26,Sunderland,Arsenal,Draw,1,1.2,0.8,2.0,3.0,1.6,0.2,3.0,5.6,-1.0,-0.40000000000000013,0.6000000000000001,-2.5999999999999996
2025-11-08,2025-26,Tottenham,Man United,Draw,1,1.4,1.0,1.4,2.8,2.2,1.6,2.0,6.4,-0.6000000000000001,-0.8000000000000003,-0.6000000000000001,-3.6000000000000005
2025-11-08,2025-26,Chelsea,Wolves,Home Win,0,1.6,1.2,1.8,6.2,0.8,2.0,0.4,3.6,1.4,0.8,-0.8,2.6
2025-11-08,2025-26,West Ham,Burnley,Home Win,0,1.0,1.6,0.8,3.2,1.4,2.2,1.2,2.8,-0.3999999999999999,-0.3999999999999999,-0.6000000000000001,0.40000000000000036
2025-11-09,2025-26,Aston Villa,Bournemouth,Home Win,0,1.6,1.0,2.4,3.8,2.2,1.8,1.6,5.2,0.7999999999999998,-0.6000000000000001,-0.8,-1.4000000000000004
2025-11-09,2025-26,Brentford,Newcastle,Home Win,0,1.6,1.2,1.8,5.2,1.4,1.6,1.2,5.2,0.6000000000000001,0.20000000000000018,-0.40000000000000013,0.0
2025-11-09,2025-26,Crystal Palace,Brighton,Draw,1,1.6,1.4,1.4,5.0,2.2,1.4,2.0,5.2,-0.6000000000000001,-0.6000000000000001,0.0,-0.20000000000000018
2025-11-09,2025-26,Nott'm Forest,Leeds,Home Win,0,0.4,2.0,0.2,3.8,1.0,2.0,0.8,4.6,-0.6000000000000001,-0.6,0.0,-0.7999999999999998
2025-11-09,2025-26,Man City,Liverpool,Home Win,0,2.2,0.6,2.4,6.2,1.4,1.8,0.6,4.2,1.7999999999999998,0.8000000000000003,-1.2000000000000002,2.0
2025-11-22,2025-26,Burnley,Chelsea,Away Win,2,1.6,1.8,1.2,3.8,2.0,0.6,2.4,7.2,-1.2,-0.3999999999999999,1.2000000000000002,-3.4000000000000004
2025-11-22,2025-26,Bournemouth,West Ham,Draw,1,1.8,2.2,1.4,5.0,1.4,1.8,1.2,3.8,0.19999999999999996,0.40000000000000013,0.40000000000000013,1.2000000000000002
2025-11-22,2025-26,Brighton,Brentford,Home Win,0,1.6,1.2,1.6,5.2,1.6,1.2,1.8,5.0,-0.19999999999999996,0.0,0.0,0.20000000000000018
2025-11-22,2025-26,Fulham,Sunderland,Home Win,0,1.0,1.6,0.6,3.8,1.4,1.2,1.6,2.8,-1.0,-0.3999999999999999,0.40000000000000013,1.0
2025-11-22,2025-26,Liverpool,Nott'm Forest,Away Win,2,1.2,2.0,0.6,3.6,1.0,2.0,0.8,3.8,-0.20000000000000007,0.19999999999999996,0.0,-0.19999999999999973
2025-11-22,2025-26,Wolves,Crystal Palace,Away Win,2,0.6,2.4,0.2,3.0,1.2,1.2,1.0,4.0,-0.8,-0.6,1.2,-1.0
2025-11-22,2025-26,Newcastle,Man City,Home Win,0,1.4,1.8,1.2,4.8,1.8,0.4,2.4,5.8,-1.2,-0.40000000000000013,1.4,-1.0
2025-11-23,2025-26,Leeds,Aston Villa,Away Win,2,0.8,2.2,0.6,3.6,1.8,0.8,2.4,4.6,-1.7999999999999998,-1.0,1.4000000000000001,-0.9999999999999996
2025-11-23,2025-26,Arsenal,Tottenham,Home Win,0,1.6,0.4,2.6,5.6,1.6,1.2,1.4,3.0,1.2000000000000002,0.0,-0.7999999999999999,2.5999999999999996
2025-11-24,2025-26,Man United,Everton,Away Win,2,2.4,1.4,2.2,5.6,1.0,1.4,1.4,3.4,0.8000000000000003,1.4,0.0,2.1999999999999997
2025-11-29,2025-26,Brentford,Burnley,Home Win,0,1.8,1.4,1.8,5.6,1.4,1.8,1.2,3.8,0.6000000000000001,0.40000000000000013,-0.40000000000000013,1.7999999999999998
2025-11-29,2025-26,Man City,Leeds,Home Win,0,1.8,0.8,1.8,5.8,0.8,2.2,0.6,3.8,1.2000000000000002,1.0,-1.4000000000000001,2.0
2025-11-29,2025-26,Sunderland,Bournemouth,Home Win,0,1.4,1.0,1.6,2.6,1.6,2.4,1.0,5.8,0.6000000000000001,-0.20000000000000018,-1.4,-3.1999999999999997
2025-11-29,2025-26,Everton,Newcastle,Away Win,2,0.8,1.2,1.4,2.2,1.4,2.0,1.2,4.0,0.19999999999999996,-0.5999999999999999,-0.8,-1.7999999999999998
2025-11-29,2025-26,Tottenham,Fulham,Away Win,2,1.4,1.8,0.8,2.8,1.0,1.0,1.2,4.2,-0.3999999999999999,0.3999999999999999,0.8,-1.4000000000000004
2025-11-30,2025-26,Crystal Palace,Man United,Away Win,2,1.4,0.8,1.6,3.2,2.0,1.6,1.6,5.6,0.0,-0.6000000000000001,-0.8,-2.3999999999999995
2025-11-30,2025-26,Aston Villa,Wolves,Home Win,0,1.8,0.8,2.4,3.8,0.4,2.6,0.0,2.6,2.4,1.4,-1.8,1.1999999999999997
2025-11-30,2025-26,Nott'm Forest,Brighton,Away Win,2,1.6,1.6,1.4,4.4,1.8,1.2,2.0,5.0,-0.6000000000000001,-0.19999999999999996,0.40000000000000013,-0.5999999999999996
2025-11-30,2025-26,West Ham,Liverpool,Away Win,2,1.8,1.8,1.4,4.2,1.0,2.2,0.6,4.0,0.7999999999999999,0.8,-0.40000000000000013,0.20000000000000018
2025-11-30,2025-26,Chelsea,Arsenal,Draw,1,2.0,0.4,2.4,7.0,2.0,0.6,2.6,6.2,-0.20000000000000018,0.0,-0.19999999999999996,0.7999999999999998
2025-12-02,2025-26,Bournemouth,Everton,Away Win,2,1.4,2.4,0.8,6.0,1.0,1.6,1.4,2.4,-0.5999999999999999,0.3999999999999999,0.7999999999999998,3.6
2025-12-02,2025-26,Fulham,Man City,Away Win,2,1.4,1.0,1.8,4.8,2.0,1.2,1.8,6.2,0.0,-0.6000000000000001,-0.19999999999999996,-1.4000000000000004
2025-12-02,2025-26,Newcastle,Tottenham,Draw,1,2.0,1.8,1.8,5.0,1.4,1.8,0.8,2.6,1.0,0.6000000000000001,0.0,2.4
2025-12-03,2025-26,Arsenal,Brentford,Home Win,0,2.0,0.8,2.2,6.0,2.0,1.6,1.8,5.0,0.40000000000000013,0.0,-0.8,1.0
2025-12-03,2025-26,Brighton,Aston Villa,Away Win,2,1.8,1.0,2.0,5.2,1.6,0.6,2.4,4.6,-0.3999999999999999,0.19999999999999996,0.4,0.6000000000000005
2025-12-03,2025-26,Burnley,Crystal Palace,Away Win,2,1.2,2.4,0.6,3.6,1.0,0.6,1.4,2.4,-0.7999999999999999,0.19999999999999996,1.7999999999999998,1.2000000000000002
2025-12-03,2025-26,Wolves,Nott'm Forest,Away Win,2,0.4,2.4,0.0,2.8,1.6,1.4,1.4,4.6,-1.4,-1.2000000000000002,1.0,-1.7999999999999998
2025-12-03,2025-26,Leeds,Chelsea,Home Win,0,1.2,2.4,0.6,3.8,1.6,0.6,2.0,6.6,-1.4,-0.40000000000000013,1.7999999999999998,-2.8
2025-12-03,2025-26,Liverpool,Sunderland,Draw,1,1.2,1.8,1.2,3.8,1.6,1.4,1.6,3.4,-0.40000000000000013,-0.40000000000000013,0.40000000000000013,0.3999999999999999
2025-12-04,2025-26,Man United,West Ham,Draw,1,2.0,1.6,1.6,6.0,1.8,1.8,1.4,4.0,0.20000000000000018,0.19999999999999996,-0.19999999999999996,2.0
2025-12-06,2025-26,Aston Villa,Arsenal,Home Win,0,2.2,1.2,2.4,6.0,2.2,0.8,2.2,6.8,0.19999999999999973,0.0,0.3999999999999999,-0.7999999999999998
2025-12-06,2025-26,Bournemouth,Chelsea,Draw,1,1.0,2.6,0.2,5.4,1.6,0.8,2.0,5.6,-1.8,-0.6000000000000001,1.8,-0.1999999999999993
2025-12-06,2025-26,Everton,Nott'm Forest,Home Win,0,1.2,1.0,2.0,2.6,1.8,1.0,2.0,4.4,0.0,-0.6000000000000001,0.0,-1.8000000000000003
2025-12-06,2025-26,Man City,Sunderland,Home Win,0,3.0,1.8,2.4,6.2,1.4,1.4,1.2,3.8,1.2,1.6,0.40000000000000013,2.4000000000000004
2025-12-06,2025-26,Newcastle,Burnley,Home Win,0,2.0,2.0,1.4,5.0,0.6,2.2,0.0,3.0,1.4,1.4,-0.20000000000000018,2.0
2025-12-06,2025-26,Tottenham,Brentford,Home Win,0,1.2,2.2,0.4,2.2,1.4,1.6,1.2,3.6,-0.7999999999999999,-0.19999999999999996,0.6000000000000001,-1.4
2025-12-06,2025-26,Leeds,Liverpool,Draw,1,1.4,2.4,0.6,3.8,1.0,1.4,1.4,3.6,-0.7999999999999999,0.3999999999999999,1.0,0.19999999999999973
2025-12-07,2025-26,Brighton,West Ham,Draw,1,2.0,1.0,2.0,5.6,1.8,1.6,1.6,4.0,0.3999999999999999,0.19999999999999996,-0.6000000000000001,1.5999999999999996
2025-12-07,2025-26,Fulham,Crystal Palace,Away Win,2,2.0,1.6,1.8,5.0,1.2,0.4,2.0,2.8,-0.19999999999999996,0.8,1.2000000000000002,2.2
2025-12-08,2025-26,Wolves,Man United,Away Win,2,0.0,2.0,0.0,1.6,1.4,1.4,1.2,5.0,-1.2,-1.4,0.6000000000000001,-3.4
2025-12-13,2025-26,Chelsea,Everton,Home Win,0,1.4,0.8,1.6,4.6,1.6,0.8,2.4,3.2,-0.7999999999999998,-0.20000000000000018,0.0,1.3999999999999995
2025-12-13,2025-26,Liverpool,Brighton,Home Win,0,1.2,2.0,1.0,4.2,1.6,1.2,1.6,5.0,-0.6000000000000001,-0.40000000000000013,0.8,-0.7999999999999998
2025-12-13,2025-26,Burnley,Fulham,Away Win,2,0.8,2.2,0.0,3.6,1.6,2.0,1.2,4.6,-1.2,-0.8,0.20000000000000018,-0.9999999999999996
2025-12-13,2025-26,Arsenal,Wolves,Home Win,0,2.0,1.2,1.6,7.0,0.2,2.2,0.0,1.6,1.6,1.8,-1.0000000000000002,5.4
2025-12-14,2025-26,Crystal Palace,Man City,Away Win,2,1.2,0.6,2.0,3.4,3.0,1.6,2.4,5.8,-0.3999999999999999,-1.8,-1.0,-2.4
2025-12-14,2025-26,Nott'm Forest,Tottenham,Home Win,0,1.4,1.2,1.8,4.4,1.6,2.0,1.0,3.4,0.8,-0.20000000000000018,-0.8,1.0000000000000004
2025-12-14,2025-26,Sunderland,Newcastle,Home Win,0,1.2,1.8,1.0,3.4,2.2,1.6,2.0,5.6,-1.0,-1.0000000000000002,0.19999999999999996,-2.1999999999999997
2025-12-14,2025-26,West Ham,Aston Villa,Away Win,2,1.4,1.6,1.2,3.2,2.6,1.0,3.0,6.6,-1.8,-1.2000000000000002,0.6000000000000001,-3.3999999999999995
2025-12-14,2025-26,Brentford,Leeds,Draw,1,1.4,1.6,1.2,3.4,2.0,2.4,0.8,4.4,0.3999999999999999,-0.6000000000000001,-0.7999999999999998,-1.0000000000000004
2025-12-15,2025-26,Man United,Bournemouth,Draw,1,1.8,1.2,1.6,5.6,0.8,2.0,0.4,5.4,1.2000000000000002,1.0,-0.8,0.1999999999999993
2025-12-20,2025-26,Newcastle,Chelsea,Draw,1,2.0,1.2,2.0,5.8,1.2,0.8,1.6,4.0,0.3999999999999999,0.8,0.3999999999999999,1.7999999999999998
2025-12-20,2025-26,Bournemouth,Burnley,Draw,1,1.6,2.0,0.6,6.4,0.8,2.2,0.0,3.8,0.6,0.8,-0.20000000000000018,2.6000000000000005
2025-12-20,2025-26,Brighton,Sunderland,Draw,1,1.6,1.6,1.4,4.6,1.0,1.4,1.4,3.2,0.0,0.6000000000000001,0.20000000000000018,1.3999999999999995
2025-12-20,2025-26,Man City,West Ham,Home Win,0,3.0,1.6,2.4,5.8,1.2,1.8,0.6,2.6,1.7999999999999998,1.8,-0.19999999999999996,3.1999999999999997
2025-12-20,2025-26,Wolves,Brentford,Away Win,2,0.4,2.0,0.0,2.0,1.0,1.6,0.8,2.4,-0.8,-0.6,0.3999999999999999,-0.3999999999999999
2025-12-20,2025-26,Tottenham,Liverpool,Away Win,2,1.2,2.2,0.8,2.8,1.6,1.4,1.6,4.8,-0.8,-0.40000000000000013,0.8000000000000003,-2.0
2025-12-20,2025-26,Everton,Arsenal,Away Win,2,1.2,1.2,1.8,2.6,2.0,1.0,2.0,6.0,-0.19999999999999996,-0.8,0.19999999999999996,-3.4
2025-12-20,2025-26,Leeds,Crystal Palace,Home Win,0,2.0,2.0,1.0,4.6,1.2,1.2,1.8,3.8,-0.8,0.8,0.8,0.7999999999999998
2025-12-21,2025-26,Aston Villa,Man United,Home Win,0,2.4,1.4,3.0,5.8,2.2,1.6,1.6,7.0,1.4,0.19999999999999973,-0.20000000000000018,-1.2000000000000002
2025-12-22,2025-26,Fulham,Nott'm Forest,Home Win,0,2.2,2.0,1.8,4.6,1.4,1.0,1.8,4.4,0.0,0.8000000000000003,1.0,0.1999999999999993
2025-12-26,2025-26,Man United,Newcastle,Home Win,0,2.4,1.8,1.6,7.0,2.0,1.4,1.6,5.8,0.0,0.3999999999999999,0.40000000000000013,1.2000000000000002
2025-12-27,2025-26,Nott'm Forest,Man City,Away Win,2,0.8,1.2,1.2,3.4,3.4,1.2,3.0,6.6,-1.8,-2.5999999999999996,0.0,-3.1999999999999997
2025-12-27,2025-26,Arsenal,Brighton,Home Win,0,1.4,0.8,2.0,4.8,1.2,1.4,1.0,4.4,1.0,0.19999999999999996,-0.5999999999999999,0.39999999999999947
2025-12-27,2025-26,Chelsea,Aston Villa,Away Win,2,1.2,1.2,1.2,3.8,2.4,1.4,3.0,6.0,-1.8,-1.2,-0.19999999999999996,-2.2
2025-12-27,2025-26,Brentford,Bournemouth,Home Win,0,1.2,1.2,1.4,2.8,1.4,1.8,0.6,4.6,0.7999999999999999,-0.19999999999999996,-0.6000000000000001,-1.7999999999999998
2025-12-27,2025-26,Liverpool,Wolves,Home Win,0,2.0,1.0,2.2,4.8,0.4,2.0,0.0,2.2,2.2,1.6,-1.0,2.5999999999999996
2025-12-27,2025-26,West Ham,Fulham,Away Win,2,0.8,2.0,0.4,2.8,2.2,2.0,1.8,3.6,-1.4,-1.4000000000000001,0.0,-0.8000000000000003
2025-12-27,2025-26,Burnley,Everton,Draw,1,1.0,2.0,0.2,3.6,1.0,1.4,1.2,2.6,-1.0,0.0,0.6000000000000001,1.0
2025-12-28,2025-26,Sunderland,Leeds,Draw,1,1.0,1.2,1.6,4.0,2.6,1.8,1.6,5.2,0.0,-1.6,-0.6000000000000001,-1.2000000000000002
2025-12-28,2025-26,Crystal Palace,Tottenham,Away Win,2,1.0,2.0,1.2,3.6,1.2,1.8,0.8,3.2,0.3999999999999999,-0.19999999999999996,0.19999999999999996,0.3999999999999999
2025-12-30,2025-26,Burnley,Newcastle,Away Win,2,0.8,1.4,0.4,3.2,1.2,1.4,1.0,4.8,-0.6,-0.3999999999999999,0.0,-1.5999999999999996
2025-12-30,2025-26,Chelsea,Bournemouth,Draw,1,1.2,1.4,1.0,3.6,1.2,2.0,0.6,5.4,0.4,0.0,-0.6000000000000001,-1.8000000000000003
2025-12-30,2025-26,Nott'm Forest,Everton,Away Win,2,1.0,1.2,1.2,3.2,0.8,0.6,1.4,3.4,-0.19999999999999996,0.19999999999999996,0.6,-0.19999999999999973
2025-12-30,2025-26,West Ham,Brighton,Draw,1,0.8,1.8,0.4,3.2,1.0,1.8,0.4,3.8,0.0,-0.19999999999999996,0.0,-0.5999999999999996
2025-12-30,2025-26,Arsenal,Aston Villa,Home Win,0,1.6,0.8,2.4,5.2,2.6,1.6,3.0,6.4,-0.6000000000000001,-1.0,-0.8,-1.2000000000000002
2025-12-30,2025-26,Man United,Wolves,Draw,1,2.2,1.6,1.6,6.6,0.6,2.2,0.0,2.2,1.6,1.6,-0.6000000000000001,4.3999999999999995
2026-01-01,2025-26,Brentford,Tottenham,Draw,1,1.4,1.2,1.4,3.4,1.2,1.4,1.4,3.6,0.0,0.19999999999999996,-0.19999999999999996,-0.20000000000000018
2026-01-01,2025-26,Sunderland,Man City,Draw,1,0.6,1.0,1.2,3.4,3.2,1.0,3.0,5.8,-1.8,-2.6,0.0,-2.4
2026-01-01,2025-26,Crystal Palace,Fulham,Draw,1,0.8,1.8,1.2,3.4,2.0,1.8,1.8,3.8,-0.6000000000000001,-1.2,0.0,-0.3999999999999999
2026-01-01,2025-26,Liverpool,Leeds,Draw,1,2.0,1.2,2.2,4.6,2.4,1.4,1.8,5.6,0.40000000000000013,-0.3999999999999999,-0.19999999999999996,-1.0
2026-01-03,2025-26,Aston Villa,Nott'm Forest,Home Win,0,2.0,1.8,2.4,5.0,0.8,1.6,0.6,3.8,1.7999999999999998,1.2,0.19999999999999996,1.2000000000000002
2026-01-03,2025-26,Brighton,Burnley,Home Win,0,0.8,1.4,0.6,3.6,1.0,1.8,0.4,3.2,0.19999999999999996,-0.19999999999999996,-0.40000000000000013,0.3999999999999999
2026-01-03,2025-26,Wolves,West Ham,Home Win,0,0.8,2.2,0.2,2.8,1.0,2.0,0.4,3.4,-0.2,-0.19999999999999996,0.20000000000000018,-0.6000000000000001
2026-01-03,2025-26,Bournemouth,Arsenal,Away Win,2,1.6,2.2,0.8,6.2,2.0,1.0,2.4,5.2,-1.5999999999999999,-0.3999999999999999,1.2000000000000002,1.0
2026-01-04,2025-26,Leeds,Man United,Draw,1,1.8,1.2,1.4,5.0,2.2,1.6,1.6,7.0,-0.20000000000000018,-0.40000000000000013,-0.40000000000000013,-2.0
2026-01-04,2025-26,Everton,Brentford,Away Win,2,1.0,0.6,1.4,3.4,1.4,0.8,1.6,3.6,-0.20000000000000018,-0.3999999999999999,-0.20000000000000007,-0.20000000000000018
2026-01-04,2025-26,Newcastle,Crystal Palace,Home Win,0,1.4,1.2,1.4,5.2,0.8,2.0,0.8,3.2,0.5999999999999999,0.5999999999999999,-0.8,2.0
2026-01-04,2025-26,Tottenham,Sunderland,Draw,1,0.8,1.0,1.4,3.8,0.4,0.8,1.2,3.0,0.19999999999999996,0.4,0.19999999999999996,0.7999999999999998
2026-01-04,2025-26,Fulham,Liverpool,Draw,1,1.4,1.0,2.0,3.6,1.8,1.0,2.2,4.6,-0.20000000000000018,-0.40000000000000013,0.0,-0.9999999999999996
2026-01-04,2025-26,Man City,Chelsea,Draw,1,2.2,0.2,2.6,5.8,1.4,1.2,1.2,3.8,1.4000000000000001,0.8000000000000003,-1.0,2.0
2026-01-06,2025-26,West Ham,Nott'm Forest,Away Win,2,0.8,2.4,0.2,2.4,1.0,1.6,0.6,4.2,-0.39999999999999997,-0.19999999999999996,0.7999999999999998,-1.8000000000000003
2026-01-07,2025-26,Man City,Brighton,Draw,1,1.8,0.4,2.2,5.2,1.0,1.2,1.0,3.6,1.2000000000000002,0.8,-0.7999999999999999,1.6
2026-01-07,2025-26,Brentford,Sunderland,Home Win,0,2.2,0.8,2.2,4.8,0.6,0.4,1.4,3.4,0.8000000000000003,1.6,0.4,1.4
2026-01-07,2025-26,Burnley,Man United,Draw,1,0.8,1.8,0.4,3.2,1.6,1.6,1.2,5.4,-0.7999999999999999,-0.8,0.19999999999999996,-2.2
2026-01-07,2025-26,Bournemouth,Tottenham,Home Win,0,2.0,2.8,0.6,5.8,0.6,1.2,1.0,3.4,-0.4,1.4,1.5999999999999999,2.4
2026-01-07,2025-26,Fulham,Chelsea,Home Win,0,1.6,1.0,2.2,3.2,1.6,1.4,1.2,3.6,1.0000000000000002,0.0,-0.3999999999999999,-0.3999999999999999
2026-01-07,2025-26,Everton,Wolves,Draw,1,0.8,1.4,0.8,3.6,1.2,1.4,0.8,4.0,0.0,-0.3999999999999999,0.0,-0.3999999999999999
2026-01-07,2025-26,Newcastle,Leeds,Home Win,0,1.4,1.0,1.4,5.2,1.4,0.8,1.4,4.6,0.0,0.0,0.19999999999999996,0.6000000000000005
2026-01-07,2025-26,Crystal Palace,Aston Villa,Draw,1,0.4,2.2,0.2,2.4,2.2,1.8,2.4,4.6,-2.1999999999999997,-1.8000000000000003,0.40000000000000013,-2.1999999999999997
2026-01-08,2025-26,Arsenal,Liverpool,Draw,1,2.4,1.0,3.0,4.4,1.6,0.8,2.2,3.6,0.7999999999999998,0.7999999999999998,0.19999999999999996,0.8000000000000003
2026-01-17,2025-26,Man United,Man City,Home Win,0,1.2,1.2,1.2,5.6,1.4,0.6,1.8,5.2,-0.6000000000000001,-0.19999999999999996,0.6,0.39999999999999947
2026-01-17,2025-26,Chelsea,Brentford,Home Win,0,1.4,1.8,0.6,3.8,2.6,0.6,2.6,5.6,-2.0,-1.2000000000000002,1.2000000000000002,-1.7999999999999998
2026-01-17,2025-26,Leeds,Fulham,Home Win,0,1.8,1.4,1.2,5.0,1.4,0.8,2.2,3.4,-1.0000000000000002,0.40000000000000013,0.5999999999999999,1.6
2026-01-17,2025-26,Tottenham,West Ham,Away Win,2,1.0,1.2,1.0,4.0,0.6,2.2,0.2,2.4,0.8,0.4,-1.0000000000000002,1.6
2026-01-17,2025-26,Nott'm Forest,Arsenal,Draw,1,0.8,1.8,0.6,4.0,2.0,0.8,2.6,4.8,-2.0,-1.2,1.0,-0.7999999999999998
2026-01-17,2025-26,Liverpool,Burnley,Draw,1,1.2,0.8,1.8,2.8,0.8,1.6,0.6,1.8,1.2000000000000002,0.3999999999999999,-0.8,0.9999999999999998
2026-01-17,2025-26,Sunderland,Crystal Palace,Home Win,0,0.4,1.0,0.8,3.8,0.4,1.6,0.4,2.6,0.4,0.0,-0.6000000000000001,1.1999999999999997
2026-01-18,2025-26,Wolves,Newcastle,Draw,1,1.2,1.2,1.0,4.4,2.2,1.4,2.0,6.4,-1.0,-1.0000000000000002,-0.19999999999999996,-2.0
2026-01-18,2025-26,Aston Villa,Everton,Away Win,2,1.6,1.4,2.0,4.4,1.0,1.2,1.0,3.6,1.0,0.6000000000000001,0.19999999999999996,0.8000000000000003
2026-01-19,2025-26,Brighton,Bournemouth,Draw,1,1.2,1.0,1.2,4.0,1.8,2.4,1.0,4.6,0.19999999999999996,-0.6000000000000001,-1.4,-0.5999999999999996
2026-01-24,2025-26,West Ham,Sunderland,Home Win,0,1.0,1.8,0.8,2.6,0.8,1.2,1.2,4.0,-0.3999999999999999,0.19999999999999996,0.6000000000000001,-1.4
2026-01-24,2025-26,Fulham,Brighton,Home Win,0,1.2,1.0,1.6,3.4,1.4,1.2,1.2,4.2,0.40000000000000013,-0.19999999999999996,-0.19999999999999996,-0.8000000000000003
2026-01-24,2025-26,Bournemouth,Liverpool,Home Win,0,1.8,2.4,1.0,4.8,1.0,0.8,1.4,4.2,-0.3999999999999999,0.8,1.5999999999999999,0.5999999999999996
2026-01-24,2025-26,Man City,Wolves,Home Win,0,0.8,1.0,1.2,3.8,1.2,0.8,1.2,4.4,0.0,-0.3999999999999999,0.19999999999999996,-0.6000000000000005
2026-01-24,2025-26,Burnley,Tottenham,Draw,1,0.8,1.6,0.6,1.8,1.0,1.2,1.0,4.4,-0.4,-0.19999999999999996,0.40000000000000013,-2.6000000000000005
2026-01-25,2025-26,Brentford,Nott'm Forest,Away Win,2,2.2,1.0,2.0,5.4,0.8,1.6,0.8,3.6,1.2,1.4000000000000001,-0.6000000000000001,1.8000000000000003
2026-01-25,2025-26,Crystal Palace,Chelsea,Away Win,2,0.4,1.2,0.4,2.4,1.4,1.4,1.0,3.4,-0.6,-0.9999999999999999,-0.19999999999999996,-1.0
2026-01-25,2025-26,Newcastle,Aston Villa,Away Win,2,1.8,1.0,2.0,5.8,1.2,1.4,1.4,4.6,0.6000000000000001,0.6000000000000001,-0.3999999999999999,1.2000000000000002
2026-01-25,2025-26,Arsenal,Man United,Away Win,2,1.8,0.8,2.2,5.0,1.4,0.8,1.8,5.8,0.40000000000000013,0.40000000000000013,0.0,-0.7999999999999998
2026-01-26,2025-26,Everton,Leeds,Draw,1,1.2,1.0,1.6,4.0,1.2,1.2,1.2,4.4,0.40000000000000013,0.0,-0.19999999999999996,-0.40000000000000036
2026-01-31,2025-26,Brighton,Everton,Draw,1,1.4,1.2,1.2,4.6,1.4,1.2,1.6,3.4,-0.40000000000000013,0.0,0.0,1.1999999999999997
2026-01-31,2025-26,Leeds,Arsenal,Away Win,2,1.2,1.2,1.2,4.0,1.8,1.2,1.6,4.6,-0.40000000000000013,-0.6000000000000001,0.0,-0.5999999999999996
2026-01-31,2025-26,Wolves,Bournemouth,Away Win,2,1.0,0.8,1.2,3.8,2.2,2.0,1.6,3.8,-0.40000000000000013,-1.2000000000000002,-1.2,0.0
2026-01-31,2025-26,Chelsea,West Ham,Home Win,0,1.8,1.2,1.6,4.0,1.6,1.8,1.4,3.2,0.20000000000000018,0.19999999999999996,-0.6000000000000001,0.7999999999999998
2026-01-31,2025-26,Liverpool,Newcastle,Home Win,0,1.0,1.2,0.8,4.2,1.8,1.2,2.0,6.0,-1.2,-0.8,0.0,-1.7999999999999998
2026-02-01,2025-26,Aston Villa,Brentford,Away Win,2,1.2,1.2,1.4,4.6,1.4,1.2,1.4,4.2,0.0,-0.19999999999999996,0.0,0.39999999999999947
2026-02-01,2025-26,Man United,Fulham,Home Win,0,1.8,1.2,1.8,5.6,1.4,1.2,1.6,3.4,0.19999999999999996,0.40000000000000013,0.0,2.1999999999999997
2026-02-01,2025-26,Nott'm Forest,Crystal Palace,Draw,1,1.0,1.2,1.4,3.6,0.6,1.6,0.4,3.4,0.9999999999999999,0.4,-0.40000000000000013,0.20000000000000018
2026-02-01,2025-26,Tottenham,Man City,Draw,1,1.2,1.6,0.6,5.8,0.8,0.8,1.2,3.6,-0.6,0.3999999999999999,0.8,2.1999999999999997
2026-02-02,2025-26,Sunderland,Burnley,Home Win,0,0.8,1.6,1.0,3.8,1.2,2.0,0.6,2.6,0.4,-0.3999999999999999,-0.3999999999999999,1.1999999999999997
2026-02-06,2025-26,Leeds,Nott'm Forest,Home Win,0,1.2,2.0,1.0,3.8,1.2,1.0,1.6,2.6,-0.6000000000000001,0.0,1.0,1.1999999999999997
2026-02-07,2025-26,Man United,Tottenham,Home Win,0,2.2,1.4,2.2,5.6,1.6,2.0,0.6,6.4,1.6,0.6000000000000001,-0.6000000000000001,-0.8000000000000007
2026-02-07,2025-26,Arsenal,Sunderland,Home Win,0,1.8,1.0,1.6,4.8,1.4,1.6,1.4,4.0,0.20000000000000018,0.40000000000000013,-0.6000000000000001,0.7999999999999998
2026-02-07,2025-26,Bournemouth,Aston Villa,Draw,1,2.2,1.6,2.0,3.4,1.0,0.6,1.4,5.0,0.6000000000000001,1.2000000000000002,1.0,-1.6
2026-02-07,2025-26,Burnley,West Ham,Away Win,2,1.0,2.0,0.6,1.8,1.6,2.0,1.2,3.6,-0.6,-0.6000000000000001,0.0,-1.8
2026-02-07,2025-26,Fulham,Everton,Away Win,2,1.6,1.6,1.4,3.6,1.2,1.4,1.2,3.6,0.19999999999999996,0.40000000000000013,0.20000000000000018,0.0
2026-02-07,2025-26,Wolves,Chelsea,Away Win,2,0.8,1.0,1.0,4.4,2.0,1.2,2.0,4.6,-1.0,-1.2,-0.19999999999999996,-0.1999999999999993
2026-02-07,2025-26,Newcastle,Brentford,Away Win,2,1.4,1.8,1.4,4.6,1.6,1.2,1.8,4.2,-0.40000000000000013,-0.20000000000000018,0.6000000000000001,0.39999999999999947
2026-02-08,2025-26,Brighton,Crystal Palace,Away Win,2,1.2,1.0,1.2,3.8,0.6,1.6,0.4,3.6,0.7999999999999999,0.6,-0.6000000000000001,0.19999999999999973
2026-02-08,2025-26,Liverpool,Man City,Away Win,2,1.8,1.4,1.2,4.8,1.2,1.2,1.2,3.4,0.0,0.6000000000000001,0.19999999999999996,1.4
2026-02-10,2025-26,Chelsea,Leeds,Draw,1,2.4,1.2,2.4,5.2,1.6,2.0,1.4,4.2,1.0,0.7999999999999998,-0.8,1.0
2026-02-10,2025-26,Everton,Bournemouth,Away Win,2,1.2,0.8,1.8,3.0,2.0,1.2,2.2,4.6,-0.40000000000000013,-0.8,-0.3999999999999999,-1.5999999999999996
2026-02-10,2025-26,Tottenham,Newcastle,Away Win,2,1.4,2.2,0.4,5.6,1.4,2.4,0.8,4.0,-0.4,0.0,-0.19999999999999973,1.5999999999999996
2026-02-10,2025-26,West Ham,Man United,Draw,1,2.0,1.4,1.8,4.4,2.4,1.2,2.6,7.2,-0.8,-0.3999999999999999,0.19999999999999996,-2.8
2026-02-11,2025-26,Aston Villa,Brighton,Home Win,0,0.6,0.6,1.0,5.0,0.8,1.2,0.6,3.4,0.4,-0.20000000000000007,-0.6,1.6
2026-02-11,2025-26,Crystal Palace,Burnley,Away Win,2,0.8,1.2,1.0,4.2,1.0,2.0,0.6,2.2,0.4,-0.19999999999999996,-0.8,2.0
2026-02-11,2025-26,Man City,Fulham,Home Win,0,1.4,1.2,1.6,4.2,1.4,1.6,1.2,3.8,0.40000000000000013,0.0,-0.40000000000000013,0.40000000000000036
2026-02-11,2025-26,Nott'm Forest,Wolves,Draw,1,1.2,1.0,1.6,2.8,0.4,1.6,0.4,3.4,1.2000000000000002,0.7999999999999999,-0.6000000000000001,-0.6000000000000001
2026-02-11,2025-26,Sunderland,Liverpool,Away Win,2,1.2,2.0,1.2,4.0,1.6,1.4,1.0,5.2,0.19999999999999996,-0.40000000000000013,0.6000000000000001,-1.2000000000000002
2026-02-12,2025-26,Brentford,Arsenal,Draw,1,1.4,1.2,1.8,3.8,1.8,0.6,1.6,4.8,0.19999999999999996,-0.40000000000000013,0.6,-1.0
2026-02-18,2025-26,Wolves,Arsenal,Draw,1,0.2,1.4,0.4,3.2,2.0,0.8,1.6,4.4,-1.2000000000000002,-1.8,0.5999999999999999,-1.2000000000000002
2026-02-21,2025-26,Aston Villa,Leeds,Draw,1,0.8,0.6,1.4,4.6,1.4,1.6,1.6,3.4,-0.20000000000000018,-0.5999999999999999,-1.0,1.1999999999999997
2026-02-21,2025-26,Brentford,Brighton,Away Win,2,1.0,1.4,1.4,3.2,0.6,1.2,0.4,3.4,0.9999999999999999,0.4,0.19999999999999996,-0.19999999999999973
2026-02-21,2025-26,Chelsea,Burnley,Draw,1,2.6,1.2,2.6,4.8,1.2,2.0,1.0,2.6,1.6,1.4000000000000001,-0.8,2.1999999999999997
2026-02-21,2025-26,West Ham,Bournemouth,Draw,1,2.0,1.2,2.0,4.4,1.8,1.0,2.2,4.8,-0.20000000000000018,0.19999999999999996,0.19999999999999996,-0.39999999999999947
2026-02-21,2025-26,Man City,Newcastle,Home Win,0,1.8,1.0,2.0,4.0,1.0,2.0,0.8,3.4,1.2,0.8,-1.0,0.6000000000000001
2026-02-22,2025-26,Nott'm Forest,Liverpool,Away Win,2,0.8,0.8,1.2,3.8,1.8,1.4,1.4,5.8,-0.19999999999999996,-1.0,-0.5999999999999999,-2.0
2026-02-22,2025-26,Crystal Palace,Wolves,Home Win,0,1.2,1.8,0.8,3.8,0.6,1.8,0.4,3.2,0.4,0.6,0.0,0.5999999999999996
2026-02-22,2025-26,Tottenham,Arsenal,Away Win,2,1.2,2.0,0.4,5.2,2.4,1.2,1.6,4.6,-1.2000000000000002,-1.2,0.8,0.6000000000000005
2026-02-22,2025-26,Sunderland,Fulham,Away Win,2,1.2,1.6,1.2,3.8,1.0,2.0,0.6,3.4,0.6,0.19999999999999996,-0.3999999999999999,0.3999999999999999
2026-02-23,2025-26,Everton,Man United,Away Win,2,1.2,1.0,1.6,3.8,2.2,1.0,2.6,5.8,-1.0,-1.0000000000000002,0.0,-2.0
2026-02-27,2025-26,Wolves,Aston Villa,Home Win,0,0.6,1.6,0.4,4.4,1.0,0.6,1.6,4.4,-1.2000000000000002,-0.4,1.0,0.0
2026-02-28,2025-26,Bournemouth,Sunderland,Draw,1,1.6,0.8,2.2,5.4,1.0,2.0,0.6,2.8,1.6,0.6000000000000001,-1.2,2.6000000000000005
2026-02-28,2025-26,Burnley,Brentford,Away Win,2,1.2,2.0,1.0,3.2,1.0,1.4,1.4,2.8,-0.3999999999999999,0.19999999999999996,0.6000000000000001,0.40000000000000036
2026-02-28,2025-26,Liverpool,West Ham,Home Win,0,1.8,1.2,1.8,4.4,1.6,1.0,1.6,4.2,0.19999999999999996,0.19999999999999996,0.19999999999999996,0.20000000000000018
2026-02-28,2025-26,Newcastle,Everton,Away Win,2,1.2,2.4,0.6,4.4,1.0,1.2,1.0,4.0,-0.4,0.19999999999999996,1.2,0.40000000000000036
2026-02-28,2025-26,Leeds,Man City,Away Win,2,1.4,1.8,1.2,3.2,2.2,0.8,2.6,5.2,-1.4000000000000001,-0.8000000000000003,1.0,-2.0
2026-03-01,2025-26,Brighton,Nott'm Forest,Home Win,0,0.8,1.0,0.8,3.8,0.8,1.0,1.0,4.2,-0.19999999999999996,0.0,0.0,-0.40000000000000036
2026-03-01,2025-26,Fulham,Tottenham,Home Win,0,1.6,2.0,1.2,4.0,1.2,2.4,0.4,5.0,0.7999999999999999,0.40000000000000013,-0.3999999999999999,-1.0
2026-03-01,2025-26,Man United,Crystal Palace,Home Win,0,2.0,1.0,2.6,5.0,1.2,1.4,1.4,4.0,1.2000000000000002,0.8,-0.3999999999999999,1.0
2026-03-01,2025-26,Arsenal,Chelsea,Home Win,0,2.8,0.8,2.2,5.2,2.4,1.4,2.2,4.8,0.0,0.3999999999999999,-0.5999999999999999,0.40000000000000036
2026-03-03,2025-26,Bournemouth,Brentford,Draw,1,1.2,0.6,1.8,5.4,1.8,1.6,2.0,4.0,-0.19999999999999996,-0.6000000000000001,-1.0,1.4000000000000004
2026-03-03,2025-26,Everton,Burnley,Home Win,0,1.4,1.4,1.4,4.4,1.4,2.4,0.8,3.0,0.5999999999999999,0.0,-1.0,1.4000000000000004
2026-03-03,2025-26,Leeds,Sunderland,Away Win,2,1.2,1.8,1.0,2.8,1.0,1.6,0.8,3.2,0.19999999999999996,0.19999999999999996,0.19999999999999996,-0.40000000000000036
2026-03-03,2025-26,Wolves,Liverpool,Home Win,0,1.0,1.2,1.0,3.4,2.4,1.0,2.4,5.0,-1.4,-1.4,0.19999999999999996,-1.6
2026-03-04,2025-26,Aston Villa,Chelsea,Away Win,2,0.6,1.0,1.0,3.8,2.0,1.6,1.6,4.2,-0.6000000000000001,-1.4,-0.6000000000000001,-0.40000000000000036
2026-03-04,2025-26,Brighton,Arsenal,Away Win,2,1.0,0.8,1.4,4.2,2.4,1.0,2.2,4.6,-0.8000000000000003,-1.4,-0.19999999999999996,-0.39999999999999947
2026-03-04,2025-26,Fulham,West Ham,Away Win,2,1.6,2.0,1.2,4.0,1.4,1.8,1.0,4.0,0.19999999999999996,0.20000000000000018,0.19999999999999996,0.0
2026-03-04,2025-26,Man City,Nott'm Forest,Draw,1,2.0,0.8,2.6,5.4,0.6,1.4,0.4,4.6,2.2,1.4,-0.5999999999999999,0.8000000000000007
2026-03-04,2025-26,Newcastle,Man United,Home Win,0,1.6,2.6,0.6,5.0,1.8,0.8,2.6,6.6,-2.0,-0.19999999999999996,1.8,-1.5999999999999996
2026-03-05,2025-26,Tottenham,Crystal Palace,Away Win,2,1.0,2.4,0.2,3.0,1.2,1.2,1.4,3.2,-1.2,-0.19999999999999996,1.2,-0.20000000000000018
2026-03-14,2025-26,Burnley,Bournemouth,Draw,1,1.4,2.2,0.8,3.4,0.8,0.6,1.4,5.0,-0.5999999999999999,0.5999999999999999,1.6,-1.6
2026-03-14,2025-26,Sunderland,Brighton,Away Win,2,0.6,1.6,0.8,2.4,0.8,0.8,1.2,4.4,-0.3999999999999999,-0.20000000000000007,0.8,-2.0000000000000004
2026-03-14,2025-26,Arsenal,Everton,Home Win,0,2.0,1.0,2.2,4.0,1.6,1.2,1.8,4.6,0.40000000000000013,0.3999999999999999,-0.19999999999999996,-0.5999999999999996
2026-03-14,2025-26,Chelsea,Newcastle,Away Win,2,2.2,1.4,1.6,4.6,1.8,2.0,1.2,5.6,0.40000000000000013,0.40000000000000013,-0.6000000000000001,-1.0
2026-03-14,2025-26,West Ham,Man City,Draw,1,1.2,1.2,1.6,3.4,2.0,0.8,2.6,6.2,-1.0,-0.8,0.3999999999999999,-2.8000000000000003
2026-03-15,2025-26,Crystal Palace,Leeds,Draw,1,1.6,1.2,1.8,3.4,1.2,1.2,1.0,3.4,0.8,0.40000000000000013,0.0,0.0
2026-03-15,2025-26,Man United,Aston Villa,Home Win,0,1.4,0.8,2.0,6.4,0.8,1.6,1.0,3.6,1.0,0.5999999999999999,-0.8,2.8000000000000003
2026-03-15,2025-26,Nott'm Forest,Fulham,Draw,1,0.8,1.6,0.4,5.2,1.2,1.6,1.2,3.8,-0.7999999999999999,-0.3999999999999999,0.0,1.4000000000000004
2026-03-15,2025-26,Liverpool,Tottenham,Draw,1,1.8,1.2,1.8,5.0,0.8,2.6,0.0,2.6,1.8,1.0,-1.4000000000000001,2.4
2026-03-16,2025-26,Brentford,Wolves,Draw,1,1.6,1.6,1.6,4.0,1.2,0.8,1.6,3.4,0.0,0.40000000000000013,0.8,0.6000000000000001
2026-03-20,2025-26,Bournemouth,Man United,Draw,1,0.6,0.4,1.4,3.8,1.6,1.0,2.0,5.6,-0.6000000000000001,-1.0,-0.6,-1.7999999999999998
2026-03-21,2025-26,Brighton,Liverpool,Home Win,0,1.0,0.6,1.8,4.8,1.8,1.0,2.0,5.0,-0.19999999999999996,-0.8,-0.4,-0.20000000000000018
2026-03-21,2025-26,Fulham,Burnley,Home Win,0,1.0,1.2,1.4,3.2,1.4,1.8,1.0,2.8,0.3999999999999999,-0.3999999999999999,-0.6000000000000001,0.40000000000000036
2026-03-21,2025-26,Everton,Chelsea,Home Win,0,1.2,1.4,1.2,4.6,1.6,1.4,1.0,4.0,0.19999999999999996,-0.40000000000000013,0.0,0.5999999999999996
2026-03-21,2025-26,Leeds,Brentford,Draw,1,0.6,1.0,0.6,3.0,1.4,1.6,1.2,3.6,-0.6,-0.7999999999999999,-0.6000000000000001,-0.6000000000000001
2026-03-22,2025-26,Newcastle,Sunderland,Away Win,2,1.6,1.4,1.8,5.8,0.6,1.2,0.8,2.6,1.0,1.0,0.19999999999999996,3.1999999999999997
2026-03-22,2025-26,Aston Villa,West Ham,Home Win,0,0.8,2.0,0.8,3.2,1.0,1.4,1.2,2.8,-0.3999999999999999,-0.19999999999999996,0.6000000000000001,0.40000000000000036
2026-03-22,2025-26,Tottenham,Nott'm Forest,Away Win,2,1.0,2.4,0.2,3.8,0.6,1.0,0.6,4.4,-0.39999999999999997,0.4,1.4,-0.6000000000000005
2026-04-10,2025-26,West Ham,Wolves,Home Win,0,0.8,1.6,1.0,2.4,1.6,1.2,1.6,3.6,-0.6000000000000001,-0.8,0.40000000000000013,-1.2000000000000002
2026-04-11,2025-26,Arsenal,Bournemouth,Away Win,2,2.2,0.8,2.6,5.0,0.6,0.6,1.0,4.0,1.6,1.6,0.20000000000000007,1.0
2026-04-11,2025-26,Brentford,Everton,Draw,1,1.2,1.4,1.2,3.4,1.6,1.0,1.8,5.2,-0.6000000000000001,-0.40000000000000013,0.3999999999999999,-1.8000000000000003
2026-04-11,2025-26,Burnley,Brighton,Away Win,2,1.0,2.0,0.4,3.2,1.4,0.6,2.4,5.6,-2.0,-0.3999999999999999,1.4,-2.3999999999999995
2026-04-11,2025-26,Liverpool,Fulham,Home Win,0,1.8,1.4,1.4,5.4,1.6,0.8,2.0,3.8,-0.6000000000000001,0.19999999999999996,0.5999999999999999,1.6000000000000005
2026-04-12,2025-26,Crystal Palace,Newcastle,Home Win,0,1.4,1.2,1.4,2.6,1.4,1.6,1.2,5.6,0.19999999999999996,0.0,-0.40000000000000013,-2.9999999999999996
2026-04-12,2025-26,Nott'm Forest,Aston Villa,Draw,1,1.2,1.0,1.0,3.8,1.0,2.0,0.8,4.4,0.19999999999999996,0.19999999999999996,-1.0,-0.6000000000000005
2026-04-12,2025-26,Sunderland,Tottenham,Home Win,0,1.0,1.2,1.4,3.6,0.8,2.6,0.2,4.0,1.2,0.19999999999999996,-1.4000000000000001,-0.3999999999999999
2026-04-12,2025-26,Chelsea,Man City,Away Win,2,1.2,1.6,0.8,4.0,1.8,0.8,2.2,6.0,-1.4000000000000001,-0.6000000000000001,0.8,-2.0
2026-04-13,2025-26,Man United,Leeds,Away Win,2,1.8,1.2,2.0,6.0,0.2,0.6,0.6,3.4,1.4,1.6,0.6,2.6
2026-04-18,2025-26,Brentford,Fulham,Draw,1,1.6,1.4,1.4,3.6,1.0,1.0,1.4,3.8,0.0,0.6000000000000001,0.3999999999999999,-0.19999999999999973
2026-04-18,2025-26,Leeds,Wolves,Home Win,0,0.4,0.6,1.0,3.8,1.2,1.6,1.4,3.8,-0.3999999999999999,-0.7999999999999999,-1.0,0.0
2026-04-18,2025-26,Newcastle,Bournemouth,Away Win,2,1.4,1.6,1.2,4.8,1.0,0.8,1.4,3.6,-0.19999999999999996,0.3999999999999999,0.8,1.1999999999999997
2026-04-18,2025-26,Tottenham,Brighton,Draw,1,0.6,2.0,0.2,4.4,1.4,0.6,2.4,5.4,-2.1999999999999997,-0.7999999999999999,1.4,-1.0
2026-04-18,2025-26,Chelsea,Man United,Away Win,2,1.0,2.0,0.6,4.2,1.8,1.6,1.4,7.2,-0.7999999999999999,-0.8,0.3999999999999999,-3.0
2026-04-19,2025-26,Aston Villa,Sunderland,Home Win,0,1.0,2.0,0.8,4.6,1.0,0.6,2.0,3.6,-1.2,0.0,1.4,0.9999999999999996
2026-04-19,2025-26,Everton,Liverpool,Away Win,2,2.0,1.2,2.0,5.8,2.0,1.4,1.4,5.6,0.6000000000000001,0.0,-0.19999999999999996,0.20000000000000018
2026-04-19,2025-26,Nott'm Forest,Burnley,Home Win,0,1.4,1.0,1.2,4.2,0.8,2.2,0.2,3.4,1.0,0.5999999999999999,-1.2000000000000002,0.8000000000000003
2026-04-19,2025-26,Man City,Arsenal,Home Win,0,1.8,0.8,2.2,6.6,2.0,0.8,2.4,4.8,-0.19999999999999973,-0.19999999999999996,0.0,1.7999999999999998
2026-04-20,2025-26,Crystal Palace,West Ham,Draw,1,1.4,0.8,2.0,3.0,1.6,1.6,1.4,3.2,0.6000000000000001,-0.20000000000000018,-0.8,-0.20000000000000018
2026-04-21,2025-26,Brighton,Chelsea,Home Win,0,1.4,0.8,2.0,4.6,0.8,1.8,0.6,4.2,1.4,0.5999999999999999,-1.0,0.39999999999999947
2026-04-22,2025-26,Bournemouth,Leeds,Draw,1,1.2,0.8,1.8,3.2,1.0,0.4,1.6,4.6,0.19999999999999996,0.19999999999999996,0.4,-1.3999999999999995
2026-04-22,2025-26,Burnley,Man City,Away Win,2,0.4,2.2,0.2,3.4,1.8,0.8,2.2,6.2,-2.0,-1.4,1.4000000000000001,-2.8000000000000003
2026-04-24,2025-26,Sunderland,Nott'm Forest,Away Win,2,1.4,1.2,1.8,4.2,2.0,0.8,1.8,4.2,0.0,-0.6000000000000001,0.3999999999999999,0.0
2026-04-25,2025-26,Fulham,Aston Villa,Home Win,0,0.6,0.8,1.0,3.0,1.8,2.2,1.4,5.0,-0.3999999999999999,-1.2000000000000002,-1.4000000000000001,-2.0
2026-04-25,2025-26,Liverpool,Crystal Palace,Home Win,0,1.4,1.2,1.4,5.4,1.2,0.8,1.6,2.6,-0.20000000000000018,0.19999999999999996,0.3999999999999999,2.8000000000000003
2026-04-25,2025-26,West Ham,Everton,Home Win,0,1.2,0.6,1.6,3.2,1.6,1.2,1.4,5.6,0.20000000000000018,-0.40000000000000013,-0.6,-2.3999999999999995
2026-04-25,2025-26,Wolves,Tottenham,Away Win,2,1.2,2.0,1.4,2.8,0.8,2.0,0.4,5.4,0.9999999999999999,0.3999999999999999,0.0,-2.6000000000000005
2026-04-25,2025-26,Arsenal,Newcastle,Home Win,0,1.4,1.0,1.8,4.0,1.2,1.4,1.2,4.0,0.6000000000000001,0.19999999999999996,-0.3999999999999999,0.0
2026-04-27,2025-26,Man United,Brentford,Home Win,0,1.6,1.4,1.4,5.2,0.8,0.8,1.0,3.0,0.3999999999999999,0.8,0.5999999999999999,2.2
2026-05-01,2025-26,Leeds,Burnley,Home Win,0,1.4,0.6,1.8,4.4,0.4,2.0,0.2,3.2,1.6,0.9999999999999999,-1.4,1.2000000000000002
2026-05-02,2025-26,Wolves,Sunderland,Draw,1,0.8,2.2,0.8,2.8,1.2,2.2,1.2,4.8,-0.3999999999999999,-0.3999999999999999,0.0,-2.0
2026-05-02,2025-26,Newcastle,Brighton,Home Win,0,0.8,1.4,0.6,3.6,2.0,0.6,2.6,5.8,-2.0,-1.2,0.7999999999999999,-2.1999999999999997
2026-05-02,2025-26,Arsenal,Fulham,Home Win,0,1.2,0.8,1.8,3.8,0.8,0.6,1.6,3.2,0.19999999999999996,0.3999999999999999,0.20000000000000007,0.5999999999999996
2026-05-02,2025-26,Brentford,West Ham,Home Win,0,1.0,1.2,0.8,3.4,1.4,0.8,1.6,3.2,-0.8,-0.3999999999999999,0.3999999999999999,0.19999999999999973
2026-05-03,2025-26,Bournemouth,Crystal Palace,Home Win,0,1.6,1.2,1.8,4.2,1.2,1.0,1.6,3.4,0.19999999999999996,0.40000000000000013,0.19999999999999996,0.8000000000000003
2026-05-03,2025-26,Man United,Liverpool,Home Win,0,1.8,1.2,2.0,5.4,1.8,1.0,2.0,4.6,0.0,0.0,0.19999999999999996,0.8000000000000007
2026-05-03,2025-26,Aston Villa,Tottenham,Away Win,2,1.6,1.6,1.4,4.4,0.8,1.4,1.0,5.0,0.3999999999999999,0.8,0.20000000000000018,-0.5999999999999996
2026-05-04,2025-26,Chelsea,Nott'm Forest,Away Win,2,0.0,2.2,0.0,2.6,2.6,0.4,2.2,4.6,-2.2,-2.6,1.8000000000000003,-1.9999999999999996
2026-05-04,2025-26,Everton,Man City,Draw,1,1.4,1.6,0.8,5.2,1.8,0.8,2.2,7.0,-1.4000000000000001,-0.40000000000000013,0.8,-1.7999999999999998
2026-05-09,2025-26,Fulham,Bournemouth,Away Win,2,0.8,1.2,1.4,3.4,2.2,1.2,2.2,4.6,-0.8000000000000003,-1.4000000000000001,0.0,-1.1999999999999997
2026-05-09,2025-26,Sunderland,Man United,Draw,1,1.4,2.2,1.4,4.4,1.8,1.4,2.0,5.4,-0.6000000000000001,-0.40000000000000013,0.8000000000000003,-1.0
2026-05-09,2025-26,Liverpool,Chelsea,Draw,1,2.0,1.4,1.8,4.8,0.2,2.6,0.0,3.0,1.8,1.8,-1.2000000000000002,1.7999999999999998
2026-05-09,2025-26,Brighton,Wolves,Home Win,0,2.0,1.2,2.0,5.8,0.6,2.2,0.4,3.6,1.6,1.4,-1.0000000000000002,2.1999999999999997
2026-05-09,2025-26,Man City,Brentford,Home Win,0,2.0,1.0,2.2,6.4,1.2,0.8,1.2,4.0,1.0000000000000002,0.8,0.19999999999999996,2.4000000000000004
2026-05-10,2025-26,Burnley,Aston Villa,Draw,1,0.6,2.6,0.0,3.4,1.6,1.4,1.4,4.2,-1.4,-1.0,1.2000000000000002,-0.8000000000000003
2026-05-10,2025-26,Crystal Palace,Everton,Draw,1,0.6,1.4,1.0,2.8,2.0,1.8,1.0,5.8,0.0,-1.4,-0.40000000000000013,-3.0
2026-05-10,2025-26,Nott'm Forest,Newcastle,Draw,1,3.2,0.6,2.6,5.0,1.2,1.6,0.6,3.8,2.0,2.0,-1.0,1.2000000000000002
2026-05-10,2025-26,West Ham,Arsenal,Away Win,2,1.2,1.2,1.4,3.8,1.6,0.8,1.8,5.2,-0.40000000000000013,-0.40000000000000013,0.3999999999999999,-1.4000000000000004
2026-05-11,2025-26,Tottenham,Leeds,Draw,1,1.0,1.4,1.4,4.6,2.0,0.8,2.2,5.4,-0.8000000000000003,-1.0,0.5999999999999999,-0.8000000000000007
2026-05-13,2025-26,Man City,Crystal Palace,Home Win,0,2.4,0.8,2.6,7.2,1.0,1.8,1.0,4.4,1.6,1.4,-1.0,2.8
2026-05-15,2025-26,Aston Villa,Liverpool,Home Win,0,1.6,1.8,1.0,4.2,2.0,1.2,2.0,4.4,-1.0,-0.3999999999999999,0.6000000000000001,-0.20000000000000018
2026-05-17,2025-26,Man United,Nott'm Forest,Home Win,0,1.4,1.0,2.0,4.6,2.8,0.8,2.2,4.8,-0.20000000000000018,-1.4,0.19999999999999996,-0.20000000000000018
2026-05-17,2025-26,Brentford,Crystal Palace,Draw,1,1.2,1.4,1.0,4.0,0.6,2.2,0.4,3.8,0.6,0.6,-0.8000000000000003,0.20000000000000018
2026-05-17,2025-26,Everton,Sunderland,Away Win,2,1.8,2.2,0.6,5.2,1.0,2.0,1.0,3.8,-0.4,0.8,0.20000000000000018,1.4000000000000004
2026-05-17,2025-26,Leeds,Brighton,Home Win,0,2.2,1.0,2.2,5.4,2.2,1.0,2.0,5.6,0.20000000000000018,0.0,0.0,-0.1999999999999993
2026-05-17,2025-26,Wolves,Fulham,Draw,1,0.2,2.4,0.2,3.0,0.2,1.2,0.8,2.6,-0.6000000000000001,0.0,1.2,0.3999999999999999
2026-05-17,2025-26,Newcastle,West Ham,Home Win,0,1.2,1.4,0.8,4.2,1.2,1.0,1.4,4.2,-0.5999999999999999,0.0,0.3999999999999999,0.0
2026-05-18,2025-26,Arsenal,Burnley,Home Win,0,1.4,0.8,1.8,4.6,0.8,2.4,0.2,3.6,1.6,0.5999999999999999,-1.5999999999999999,0.9999999999999996
2026-05-19,2025-26,Bournemouth,Man City,Draw,1,2.0,0.8,2.6,4.6,2.4,0.8,2.6,6.4,0.0,-0.3999999999999999,0.0,-1.8000000000000007
2026-05-19,2025-26,Chelsea,Tottenham,Home Win,0,0.4,2.2,0.2,2.8,1.2,1.0,1.6,4.6,-1.4000000000000001,-0.7999999999999999,1.2000000000000002,-1.7999999999999998
2026-05-24,2025-26,Burnley,Wolves,Draw,1,0.8,2.2,0.2,2.6,0.4,1.8,0.4,3.0,-0.2,0.4,0.40000000000000013,-0.3999999999999999
2026-05-24,2025-26,Crystal Palace,Arsenal,Away Win,2,1.0,2.6,0.4,4.6,1.4,0.4,2.4,4.6,-2.0,-0.3999999999999999,2.2,0.0
2026-05-24,2025-26,Brighton,Man United,Away Win,2,1.8,1.2,1.4,6.0,1.8,1.0,2.6,4.4,-1.2000000000000002,0.0,0.19999999999999996,1.5999999999999996
2026-05-24,2025-26,Tottenham,Everton,Home Win,0,1.4,1.2,1.6,3.8,1.6,2.4,0.4,4.6,1.2000000000000002,-0.20000000000000018,-1.2,-0.7999999999999998
2026-05-24,2025-26,Fulham,Newcastle,Home Win,0,0.4,1.0,1.0,2.8,1.6,1.2,1.4,5.0,-0.3999999999999999,-1.2000000000000002,-0.19999999999999996,-2.2
2026-05-24,2025-26,Sunderland,Chelsea,Home Win,0,1.4,2.2,1.0,4.0,0.8,1.8,0.8,3.0,0.19999999999999996,0.5999999999999999,0.40000000000000013,1.0
2026-05-24,2025-26,Man City,Aston Villa,Away Win,2,2.2,0.8,2.2,6.4,2.2,2.0,1.4,5.0,0.8000000000000003,0.0,-1.2,1.4000000000000004
2026-05-24,2025-26,Nott'm Forest,Bournemouth,Draw,1,3.0,1.2,2.0,4.8,1.8,0.8,2.2,4.4,-0.20000000000000018,1.2,0.3999999999999999,0.39999999999999947
2026-05-24,2025-26,Liverpool,Brentford,Draw,1,2.0,2.0,1.4,4.4,1.2,1.4,1.0,3.8,0.3999999999999999,0.8,0.6000000000000001,0.6000000000000005
2026-05-24,2025-26,West Ham,Leeds,Home Win,0,0.6,1.6,0.8,4.4,2.0,0.8,2.2,4.4,-1.4000000000000001,-1.4,0.8,0.0
